,decile_score,Race,age,juv_fel_count,juv_misd_count,juv_other_count,priors_count,days_b_screening_arrest,days_in_jail,c_charge_degree
580,1,White,1,0,0,0,3,3.0,1.0,False
4308,1,Non-White,1,0,0,0,0,1.0,1.0,True
1983,1,Non-White,0,0,0,0,0,0.0,0.0,False
2348,1,White,0,1,0,0,2,1.0,1.0,False
3072,1,White,1,0,0,0,7,1.0,0.0,False
3496,1,Non-White,1,0,0,0,17,1.0,52.0,True
2066,1,White,1,0,0,0,0,1.0,74.0,False
2012,1,Non-White,0,0,0,0,6,0.0,1.0,False
2411,1,Non-White,0,0,0,0,1,27.0,1.0,True
1504,1,White,1,0,0,0,0,1.0,1.0,True
2211,1,White,1,0,0,0,0,1.0,1.0,False
1856,1,White,1,0,0,0,0,5.0,1.0,True
4512,0,Non-White,1,0,0,0,8,1.0,10.0,True
3380,1,White,1,0,0,0,2,1.0,1.0,False
5122,1,Non-White,0,0,0,0,5,1.0,3.0,False
3625,1,Non-White,1,0,0,0,5,1.0,1.0,False
2138,0,Non-White,0,0,0,0,5,1.0,32.0,True
5269,1,White,1,0,0,0,5,1.0,1.0,False
4161,1,White,1,0,0,0,0,1.0,1.0,True
2623,1,White,1,0,0,0,2,2.0,0.0,True
5984,1,Non-White,1,0,0,0,0,1.0,1.0,False
2654,1,Non-White,0,0,0,0,2,1.0,6.0,True
5109,1,White,1,0,0,0,2,1.0,1.0,False
10,1,Non-White,1,0,0,0,0,1.0,1.0,False
3476,0,Non-White,0,1,0,0,1,1.0,6.0,False
236,1,Non-White,0,0,0,0,0,1.0,1.0,False
4725,1,White,0,0,0,0,0,1.0,1.0,False
4787,1,Non-White,0,0,0,0,6,1.0,1.0,False
5954,1,Non-White,1,0,0,0,4,1.0,1.0,False
4852,1,White,1,0,0,0,1,1.0,3.0,True
4996,1,White,1,0,0,0,0,1.0,1.0,True
2836,1,White,1,0,0,0,2,28.0,27.0,False
1464,1,White,0,0,0,0,6,2.0,2.0,False
149,1,Non-White,0,0,0,0,6,1.0,1.0,True
184,1,White,1,0,0,0,0,1.0,1.0,True
4393,0,Non-White,0,0,5,1,27,0.0,0.0,True
4724,0,White,0,0,0,0,5,1.0,3.0,False
2241,1,Non-White,0,0,0,0,0,1.0,42.0,True
4142,1,Non-White,1,0,0,0,0,1.0,1.0,True
219,1,Non-White,0,0,0,0,1,1.0,1.0,True
4673,1,Non-White,1,0,0,0,5,1.0,2.0,False
6053,1,Non-White,0,1,0,1,1,3.0,5.0,False
4250,1,Non-White,1,0,0,0,0,1.0,2.0,False
3067,1,White,0,0,0,0,0,1.0,1.0,False
5387,1,Non-White,1,0,0,0,5,1.0,9.0,False
3399,1,Non-White,1,0,0,0,7,1.0,1.0,False
304,1,Non-White,1,0,0,0,1,0.0,95.0,False
1082,1,White,1,0,0,0,1,1.0,1.0,True
3725,1,White,0,0,0,0,4,1.0,30.0,False
729,1,White,0,0,0,0,0,0.0,0.0,False
1087,0,Non-White,0,0,0,0,5,1.0,7.0,False
6117,1,Non-White,0,0,0,0,2,1.0,1.0,True
2575,1,White,1,0,0,0,4,1.0,5.0,False
5164,1,Non-White,0,0,0,0,2,1.0,1.0,False
3736,1,Non-White,0,0,0,0,1,23.0,1.0,False
2426,1,White,1,0,0,0,1,1.0,33.0,False
3587,1,Non-White,1,0,0,0,9,1.0,65.0,False
1234,1,White,0,0,0,0,1,1.0,2.0,False
218,0,Non-White,0,0,0,0,0,3.0,1.0,True
2179,1,Non-White,0,0,0,0,6,1.0,5.0,True
2983,1,White,0,0,0,1,0,1.0,1.0,True
4226,1,Non-White,1,0,0,0,0,3.0,0.0,False
1213,1,Non-White,0,0,0,0,0,1.0,1.0,True
647,1,Non-White,1,0,0,0,0,0.0,0.0,False
5310,1,Non-White,0,0,0,0,0,0.0,1.0,True
3954,1,Non-White,1,0,0,0,0,1.0,280.0,False
1347,1,Non-White,0,0,0,0,1,1.0,1.0,False
4204,1,White,1,0,0,0,1,1.0,1.0,False
4354,1,Non-White,1,1,5,0,8,0.0,16.0,True
1458,1,White,1,0,0,0,0,0.0,0.0,True
5132,0,Non-White,1,0,0,0,22,0.0,2.0,False
633,0,Non-White,0,0,0,0,1,0.0,0.0,True
2340,1,White,1,0,0,0,1,3.0,1.0,False
1887,1,Non-White,1,0,0,0,10,1.0,10.0,False
3980,1,Non-White,0,0,0,0,0,1.0,1.0,False
377,1,White,0,0,0,0,0,1.0,1.0,True
4815,1,White,1,0,0,0,2,0.0,0.0,True
1759,0,Non-White,0,0,0,0,1,0.0,0.0,False
696,1,White,1,0,0,0,1,1.0,1.0,True
166,1,Non-White,1,0,0,0,2,0.0,26.0,True
5001,1,Non-White,1,0,0,0,0,1.0,2.0,True
1499,1,Non-White,0,0,0,0,0,1.0,1.0,True
5529,1,Non-White,1,0,0,0,4,1.0,3.0,False
1784,1,Non-White,1,0,0,0,1,0.0,1.0,False
4125,1,White,1,0,0,0,2,3.0,2.0,True
3147,1,White,1,0,0,0,5,1.0,6.0,True
510,0,Non-White,0,0,0,0,11,0.0,0.0,False
1526,0,Non-White,1,0,1,0,12,1.0,10.0,False
894,0,Non-White,1,0,0,0,0,1.0,2.0,False
1861,0,Non-White,1,0,0,0,14,1.0,1.0,False
2232,1,Non-White,0,0,0,0,0,1.0,2.0,True
686,0,Non-White,0,0,0,0,17,4.0,4.0,False
4167,0,Non-White,0,0,0,0,8,0.0,0.0,True
2932,0,Non-White,0,2,1,1,3,22.0,1.0,False
2052,1,Non-White,1,0,0,0,0,1.0,1.0,False
4297,1,Non-White,0,0,0,0,7,1.0,1.0,False
2765,0,Non-White,1,0,0,0,3,1.0,1.0,False
3724,1,Non-White,1,0,0,0,3,1.0,2.0,True
1423,1,Non-White,1,0,0,0,0,1.0,4.0,False
4474,0,Non-White,1,4,0,0,12,1.0,1.0,False
3082,1,Non-White,1,0,0,0,0,1.0,4.0,False
5113,1,Non-White,1,0,0,0,2,0.0,1.0,True
4497,1,Non-White,0,0,0,0,1,1.0,2.0,True
2466,1,White,0,0,0,0,0,2.0,1.0,False
4999,1,White,1,0,0,0,1,0.0,0.0,False
2067,1,White,1,0,0,0,1,0.0,293.0,False
2778,1,White,0,0,0,0,4,1.0,1.0,True
837,0,Non-White,0,0,0,0,6,1.0,40.0,False
2845,0,Non-White,1,5,0,0,10,1.0,5.0,False
831,1,Non-White,0,0,0,0,1,18.0,1.0,True
5177,0,Non-White,0,0,0,0,0,1.0,54.0,True
3457,1,White,1,0,0,0,6,1.0,119.0,False
924,1,Non-White,0,0,0,2,1,0.0,0.0,True
1341,1,Non-White,1,0,0,0,2,1.0,2.0,True
322,1,Non-White,1,0,0,0,2,1.0,5.0,False
4562,1,Non-White,1,0,0,0,4,0.0,0.0,True
5811,1,White,1,0,0,0,0,1.0,1.0,False
1119,1,Non-White,1,0,0,0,3,21.0,14.0,False
2108,1,White,1,0,0,0,0,0.0,0.0,True
3533,0,Non-White,1,0,0,0,21,1.0,1.0,False
4369,1,White,1,0,0,0,9,1.0,27.0,False
3204,1,Non-White,0,0,0,0,1,1.0,1.0,False
3553,1,Non-White,1,0,0,0,3,1.0,2.0,False
2567,1,Non-White,1,0,0,0,13,1.0,242.0,False
956,0,Non-White,0,0,1,0,11,1.0,7.0,False
4540,0,Non-White,1,0,0,0,8,23.0,9.0,False
2227,1,Non-White,1,0,0,0,0,0.0,42.0,False
2619,1,Non-White,0,0,0,0,0,1.0,1.0,True
4647,1,Non-White,0,0,0,0,6,1.0,2.0,False
5326,1,Non-White,1,0,0,0,7,1.0,198.0,True
3645,1,White,1,0,0,0,1,1.0,1.0,False
3630,1,White,1,0,0,0,0,0.0,2.0,True
1396,1,White,0,0,0,1,0,1.0,1.0,True
3973,1,White,0,0,0,0,0,1.0,1.0,False
5716,0,White,0,0,0,0,0,1.0,19.0,False
4374,1,Non-White,1,0,0,0,2,0.0,0.0,False
1250,1,Non-White,1,0,0,0,1,13.0,0.0,True
3787,1,White,1,0,0,0,0,3.0,1.0,True
830,0,White,1,0,0,0,8,4.0,1.0,False
1264,0,Non-White,0,0,0,0,8,1.0,2.0,True
5063,1,White,1,0,0,0,1,1.0,4.0,True
6020,1,Non-White,1,0,0,0,1,1.0,2.0,False
4160,1,White,0,0,0,0,0,1.0,1.0,False
1841,1,Non-White,1,0,0,0,3,1.0,1.0,False
476,0,Non-White,0,8,0,1,16,1.0,1.0,False
4331,1,White,1,0,0,0,2,12.0,3.0,False
5460,1,Non-White,1,0,0,0,0,0.0,58.0,False
3091,1,Non-White,1,0,0,0,0,2.0,1.0,True
4921,1,Non-White,1,0,0,0,4,13.0,1.0,False
2381,0,Non-White,1,0,0,0,9,1.0,1.0,False
5979,1,Non-White,0,0,0,0,0,1.0,1.0,True
1186,1,Non-White,1,0,0,0,0,4.0,4.0,False
3569,1,Non-White,0,0,0,0,2,1.0,125.0,False
2068,1,Non-White,0,0,0,0,1,0.0,1.0,False
797,0,Non-White,1,0,0,0,14,1.0,2.0,False
6135,0,Non-White,1,0,0,0,4,1.0,3.0,True
1827,1,Non-White,1,0,0,0,5,0.0,2.0,False
1295,1,White,1,0,0,0,0,0.0,0.0,False
6072,0,Non-White,1,2,3,0,16,28.0,33.0,True
1402,0,Non-White,1,0,1,0,23,1.0,1.0,False
4010,1,Non-White,1,0,1,0,6,1.0,2.0,True
2338,1,Non-White,0,0,0,0,0,1.0,1.0,True
1843,1,White,0,0,0,0,5,1.0,1.0,False
5816,0,Non-White,0,0,0,0,10,1.0,1.0,False
2307,1,White,0,0,0,0,0,1.0,1.0,False
5538,0,Non-White,1,0,0,0,1,1.0,115.0,True
3468,1,Non-White,0,0,0,0,0,0.0,0.0,False
4217,1,Non-White,0,0,0,0,0,1.0,1.0,False
4185,1,Non-White,0,0,0,0,0,1.0,1.0,False
2209,0,White,1,0,0,0,3,1.0,2.0,False
4252,1,White,1,0,0,0,9,1.0,1.0,True
3335,1,Non-White,0,0,0,0,1,15.0,15.0,False
211,1,Non-White,0,0,0,0,0,0.0,0.0,False
4253,0,Non-White,1,0,2,2,16,1.0,6.0,False
4163,1,Non-White,1,0,0,0,0,1.0,5.0,False
2096,1,White,1,0,0,0,1,1.0,1.0,True
2249,0,White,0,0,1,1,7,1.0,2.0,True
2041,1,Non-White,1,0,0,0,1,1.0,1.0,False
1804,1,White,1,0,0,0,0,0.0,0.0,True
3585,1,Non-White,1,0,0,0,0,1.0,1.0,False
2127,1,Non-White,0,0,0,0,0,1.0,2.0,True
4341,0,Non-White,0,0,0,0,3,0.0,5.0,False
3883,1,White,1,0,0,0,0,1.0,6.0,False
5636,1,Non-White,1,0,0,0,6,0.0,0.0,False
4610,1,White,1,0,0,0,8,1.0,1.0,False
3881,1,White,1,0,0,0,1,1.0,39.0,False
4989,1,Non-White,0,0,0,0,0,0.0,0.0,False
5048,0,White,1,0,0,0,7,0.0,0.0,False
2719,1,Non-White,0,0,0,0,1,1.0,2.0,False
2244,1,White,1,0,0,0,4,1.0,31.0,True
5642,1,White,0,0,0,1,0,1.0,1.0,False
3194,0,White,1,0,0,0,2,0.0,5.0,False
4942,1,White,0,0,0,0,0,1.0,0.0,True
333,0,Non-White,0,0,0,1,0,0.0,21.0,True
4201,0,White,0,0,0,1,0,1.0,1.0,False
693,1,White,1,0,0,0,1,1.0,1.0,True
428,1,White,1,0,0,0,4,1.0,1.0,True
512,0,Non-White,1,0,0,0,1,8.0,40.0,True
3278,1,Non-White,0,0,0,0,0,1.0,1.0,True
1266,1,Non-White,0,0,0,0,7,1.0,2.0,False
4675,1,Non-White,0,0,1,0,6,8.0,2.0,True
3009,1,Non-White,1,0,0,0,1,0.0,1.0,True
3631,1,Non-White,0,0,0,0,1,1.0,1.0,False
739,1,Non-White,0,0,0,0,0,1.0,2.0,False
4764,1,White,1,0,0,0,5,29.0,5.0,False
489,1,Non-White,1,0,0,0,1,8.0,8.0,False
676,1,Non-White,0,0,0,0,0,1.0,1.0,False
4192,1,White,0,0,0,0,0,0.0,1.0,True
2413,0,Non-White,0,0,0,0,0,1.0,2.0,False
3119,0,Non-White,1,0,0,0,5,1.0,1.0,False
5552,1,Non-White,1,0,0,0,0,0.0,0.0,True
1612,1,White,0,0,0,0,0,2.0,1.0,True
3987,1,Non-White,0,0,0,0,5,0.0,1.0,False
354,1,White,0,0,0,0,0,0.0,5.0,True
1343,1,White,0,0,1,0,6,16.0,2.0,False
3193,1,Non-White,1,0,0,0,0,3.0,1.0,False
4482,0,Non-White,0,0,0,0,0,1.0,1.0,True
1829,1,Non-White,1,0,0,0,18,1.0,9.0,False
2707,1,Non-White,0,0,1,0,4,1.0,2.0,False
5892,0,Non-White,0,0,0,0,8,0.0,1.0,True
110,1,White,0,0,0,0,1,20.0,4.0,True
4950,1,Non-White,1,0,0,0,3,0.0,0.0,False
4394,1,Non-White,0,0,0,0,7,1.0,1.0,False
2453,1,Non-White,1,0,0,0,2,1.0,1.0,False
5587,1,Non-White,1,0,0,0,12,0.0,118.0,True
4443,1,Non-White,1,0,0,0,8,1.0,2.0,False
5823,1,White,1,0,0,0,1,1.0,1.0,False
4181,1,Non-White,1,0,0,0,0,0.0,0.0,False
687,1,Non-White,0,0,0,0,1,1.0,1.0,False
2467,1,Non-White,1,0,0,0,10,1.0,4.0,False
5421,0,Non-White,0,1,2,1,6,1.0,1.0,True
5579,1,White,1,0,0,0,0,1.0,1.0,False
447,1,Non-White,0,0,1,0,1,1.0,1.0,True
4037,1,Non-White,1,0,0,1,7,0.0,1.0,True
5383,1,White,1,0,0,0,0,0.0,0.0,False
5468,0,Non-White,0,1,0,2,1,1.0,2.0,False
3998,1,Non-White,0,0,0,0,1,1.0,1.0,False
6108,0,Non-White,0,0,0,1,1,1.0,109.0,False
1449,1,Non-White,1,0,0,0,5,0.0,1.0,False
1492,1,White,0,0,0,0,0,3.0,2.0,False
1246,0,Non-White,0,0,0,0,1,8.0,8.0,False
2400,0,Non-White,0,0,1,1,3,0.0,319.0,False
642,1,Non-White,0,0,0,0,1,1.0,1.0,False
2057,1,White,1,0,0,0,0,6.0,4.0,True
2486,1,Non-White,0,0,0,0,2,0.0,1.0,False
4425,1,Non-White,0,0,0,0,1,1.0,4.0,False
4780,0,Non-White,0,0,0,0,2,1.0,2.0,True
606,1,White,1,0,0,0,0,1.0,3.0,False
4858,1,Non-White,0,0,0,2,6,1.0,1.0,True
3579,1,White,1,0,0,0,6,0.0,1.0,False
5489,0,Non-White,0,0,0,0,11,1.0,1.0,True
6011,1,Non-White,0,0,0,1,0,1.0,1.0,False
4522,0,Non-White,0,0,0,1,13,1.0,1.0,False
4029,1,Non-White,0,0,0,0,1,1.0,2.0,False
2494,1,White,1,0,1,0,7,1.0,1.0,False
1510,1,Non-White,1,0,0,0,0,0.0,0.0,True
1153,1,Non-White,1,0,0,0,1,0.0,0.0,True
715,1,Non-White,0,0,0,0,1,1.0,5.0,False
3722,1,White,1,0,0,0,3,1.0,2.0,True
1621,1,White,0,0,0,0,1,1.0,31.0,False
4770,0,Non-White,1,0,0,0,7,1.0,1.0,False
1677,1,Non-White,1,0,0,0,0,0.0,0.0,False
5195,1,Non-White,1,0,0,0,3,0.0,0.0,False
4597,1,Non-White,0,0,0,0,1,1.0,1.0,False
5750,0,Non-White,1,0,0,0,0,1.0,2.0,True
77,1,Non-White,1,0,0,0,9,0.0,4.0,False
5360,1,White,1,0,0,0,2,1.0,11.0,True
1830,1,Non-White,1,0,0,0,15,0.0,55.0,False
2224,1,White,1,0,0,0,0,1.0,2.0,True
3624,1,Non-White,0,0,0,0,0,1.0,2.0,True
4602,1,Non-White,1,0,0,0,8,4.0,1.0,True
1601,1,Non-White,0,0,0,0,1,0.0,1.0,False
3977,1,White,1,0,0,0,0,1.0,1.0,False
1176,0,Non-White,1,0,0,0,0,0.0,1.0,False
975,1,Non-White,1,0,0,0,0,1.0,1.0,False
5689,1,White,1,0,0,0,0,1.0,24.0,True
2616,1,Non-White,1,0,0,0,0,1.0,1.0,False
5826,1,White,1,0,0,0,2,1.0,13.0,True
2541,1,Non-White,0,0,0,0,2,0.0,7.0,True
3680,1,Non-White,1,0,0,0,2,1.0,1.0,False
215,1,Non-White,1,0,0,0,0,1.0,1.0,True
4318,1,Non-White,1,0,0,0,1,21.0,21.0,False
1440,1,White,1,0,0,0,1,1.0,13.0,False
2345,1,Non-White,1,0,0,0,0,2.0,2.0,True
1304,0,Non-White,0,0,0,0,7,0.0,2.0,True
5135,0,Non-White,0,0,0,0,5,1.0,2.0,True
1673,1,White,1,0,0,0,0,1.0,1.0,False
5527,1,Non-White,1,0,0,0,1,1.0,2.0,True
1471,1,Non-White,1,0,0,0,8,1.0,1.0,False
3789,1,Non-White,1,0,0,0,2,1.0,259.0,False
3963,1,White,0,0,0,1,3,1.0,8.0,False
905,0,Non-White,0,0,0,0,0,5.0,1.0,False
3715,1,White,1,0,0,1,0,1.0,1.0,True
4249,1,White,1,0,0,0,1,5.0,1.0,True
1378,1,Non-White,1,0,0,0,1,1.0,1.0,False
4381,0,Non-White,0,0,0,0,1,1.0,1.0,True
1302,1,Non-White,0,0,0,0,2,1.0,14.0,True
4763,1,White,1,0,0,0,0,0.0,2.0,True
1037,0,Non-White,0,0,0,0,0,1.0,1.0,False
286,0,Non-White,1,0,1,0,12,1.0,2.0,False
1173,1,Non-White,0,0,0,0,3,21.0,1.0,False
6133,0,Non-White,0,0,0,0,0,1.0,1.0,False
1315,1,White,1,0,0,0,2,1.0,2.0,True
2650,1,White,1,0,0,0,1,1.0,1.0,False
1332,1,White,1,0,0,0,1,20.0,1.0,False
1716,0,Non-White,0,0,1,0,13,1.0,0.0,True
5099,0,Non-White,1,0,0,0,12,1.0,12.0,False
5096,1,White,1,0,0,0,2,1.0,5.0,False
1524,1,Non-White,1,0,0,0,1,1.0,114.0,True
5679,1,Non-White,1,0,0,0,11,0.0,1.0,True
4688,0,White,0,0,0,3,10,0.0,1.0,True
5857,1,Non-White,1,0,0,0,3,1.0,1.0,True
4093,1,White,1,0,0,0,3,23.0,0.0,False
2314,1,Non-White,0,0,0,0,5,0.0,3.0,False
1695,0,Non-White,1,0,0,0,0,0.0,34.0,False
74,1,Non-White,0,0,0,0,0,1.0,1.0,False
747,0,White,0,0,1,0,1,1.0,20.0,False
3312,0,White,0,0,0,0,0,1.0,1.0,False
338,1,Non-White,1,0,0,0,3,0.0,1.0,False
4970,1,White,1,0,0,0,1,1.0,11.0,False
1858,1,Non-White,1,0,0,0,1,17.0,7.0,False
5169,1,White,1,0,0,0,0,1.0,2.0,True
4047,1,White,0,3,0,0,4,0.0,96.0,False
3688,1,Non-White,0,0,0,0,0,1.0,1.0,False
3536,1,Non-White,0,0,0,1,2,1.0,35.0,False
1963,1,Non-White,0,0,0,0,0,1.0,1.0,False
4357,1,White,1,0,0,0,8,1.0,4.0,True
2077,1,White,1,0,0,0,1,1.0,1.0,True
4982,0,Non-White,1,0,0,0,0,1.0,2.0,True
2843,1,Non-White,0,0,1,0,10,1.0,244.0,False
4864,1,White,1,0,0,0,1,1.0,1.0,True
4580,0,Non-White,1,0,6,5,17,1.0,113.0,False
4657,1,Non-White,1,0,0,0,8,1.0,9.0,True
1065,1,White,1,0,0,0,5,1.0,0.0,True
2599,1,White,1,0,0,0,2,0.0,34.0,True
2572,1,White,1,0,0,0,0,1.0,1.0,True
4488,0,White,0,4,1,0,10,1.0,3.0,False
5993,1,Non-White,0,0,0,0,1,1.0,1.0,False
781,1,White,1,0,0,0,1,5.0,4.0,False
6147,1,White,1,0,0,0,14,28.0,20.0,False
4221,0,Non-White,1,0,0,0,0,1.0,57.0,True
1644,1,Non-White,0,0,0,0,1,23.0,1.0,False
999,1,Non-White,1,0,0,0,0,1.0,3.0,True
725,1,White,0,0,2,0,3,1.0,1.0,False
922,1,White,1,0,0,0,2,0.0,13.0,False
1571,1,Non-White,1,0,0,0,10,7.0,5.0,True
1859,1,White,1,0,0,0,3,1.0,1.0,False
50,1,White,1,0,0,0,8,13.0,13.0,False
1161,1,Non-White,1,0,0,0,1,18.0,17.0,False
4262,0,Non-White,0,2,2,0,4,1.0,2.0,False
2846,1,Non-White,1,0,0,0,0,1.0,78.0,True
1516,1,Non-White,0,0,0,0,0,1.0,13.0,False
4899,0,Non-White,1,1,0,0,7,0.0,2.0,False
2152,1,Non-White,1,0,0,0,2,8.0,8.0,False
1379,1,Non-White,0,0,0,0,0,0.0,0.0,True
4397,1,White,1,0,0,0,1,0.0,62.0,False
3184,1,White,0,0,0,0,1,11.0,9.0,False
1680,0,Non-White,1,0,0,0,21,1.0,64.0,False
4881,0,Non-White,1,0,0,0,19,0.0,220.0,False
235,1,Non-White,1,0,0,0,2,1.0,1.0,True
4434,1,Non-White,0,0,0,0,0,1.0,33.0,False
2735,1,White,1,0,0,0,0,1.0,1.0,False
5847,0,Non-White,0,0,0,0,0,0.0,78.0,False
3597,1,White,0,0,0,0,1,1.0,13.0,False
958,1,Non-White,1,0,0,0,1,28.0,1.0,False
626,1,Non-White,0,0,0,0,0,0.0,0.0,False
4902,1,White,1,0,0,0,12,26.0,13.0,False
5276,1,White,0,0,0,0,1,1.0,26.0,False
2352,1,White,1,0,0,0,0,1.0,1.0,False
3382,1,White,1,0,0,0,3,1.0,14.0,False
2933,1,Non-White,0,0,0,0,2,1.0,45.0,True
464,1,White,0,0,0,0,2,1.0,1.0,False
1548,1,White,1,0,0,0,2,0.0,0.0,True
4477,1,White,0,0,0,0,3,1.0,1.0,False
3051,1,Non-White,1,0,0,0,0,0.0,1.0,True
1672,1,Non-White,1,0,0,0,5,1.0,0.0,True
1155,1,White,1,0,0,0,17,25.0,23.0,False
3069,1,Non-White,1,0,0,0,13,13.0,1.0,False
3779,0,Non-White,0,0,1,0,3,1.0,81.0,True
3938,1,White,1,0,0,0,5,1.0,1.0,False
1482,1,White,1,0,0,0,0,0.0,0.0,False
2837,1,Non-White,0,0,0,0,5,1.0,52.0,True
3749,0,Non-White,0,0,1,0,7,1.0,20.0,False
3104,1,White,0,0,0,0,0,1.0,1.0,False
2997,1,Non-White,0,0,2,1,3,1.0,1.0,True
5046,1,Non-White,0,0,0,0,1,1.0,1.0,True
3431,1,White,1,0,0,0,0,1.0,1.0,False
5303,0,Non-White,0,0,0,0,1,1.0,1.0,False
2489,1,White,1,0,0,0,1,0.0,4.0,True
3870,1,Non-White,1,0,0,0,0,3.0,1.0,True
5940,1,Non-White,0,0,0,0,1,1.0,1.0,False
384,1,White,1,0,0,0,6,1.0,2.0,False
4245,1,White,1,0,0,0,8,1.0,2.0,False
3701,1,Non-White,1,0,0,0,0,1.0,3.0,False
1970,1,White,1,0,0,0,1,12.0,12.0,False
71,0,Non-White,0,0,0,0,8,1.0,1.0,True
150,1,Non-White,1,0,0,0,2,1.0,188.0,False
3696,0,Non-White,1,1,0,0,10,1.0,1.0,False
545,1,Non-White,0,0,0,0,0,1.0,3.0,False
5848,1,White,0,0,0,1,2,0.0,1.0,True
4039,0,Non-White,1,0,1,3,7,1.0,1.0,False
3393,1,Non-White,1,0,0,0,19,1.0,3.0,False
1666,1,Non-White,1,0,0,0,0,1.0,2.0,False
6088,1,White,1,0,0,0,0,2.0,1.0,True
1967,1,Non-White,0,0,0,0,1,1.0,1.0,False
6081,0,Non-White,0,0,0,0,5,1.0,1.0,False
2176,1,White,1,0,0,0,2,1.0,1.0,True
1502,1,Non-White,1,0,0,0,1,0.0,2.0,False
3530,1,Non-White,0,0,0,0,9,1.0,1.0,False
2213,1,Non-White,1,0,0,0,0,0.0,0.0,False
403,1,White,1,0,0,0,3,1.0,1.0,False
5161,1,Non-White,0,0,0,1,1,1.0,1.0,False
4278,1,Non-White,1,0,0,0,1,1.0,1.0,False
2662,1,White,1,0,0,0,0,0.0,0.0,True
4013,1,Non-White,1,0,0,0,2,1.0,101.0,True
308,0,Non-White,0,0,0,0,4,1.0,220.0,False
4001,0,Non-White,0,0,0,0,0,1.0,1.0,True
4246,1,White,0,0,0,0,3,24.0,19.0,False
4306,1,Non-White,1,0,0,0,0,0.0,0.0,True
3248,1,Non-White,1,0,0,0,8,1.0,349.0,False
4615,1,White,1,0,0,0,3,1.0,2.0,True
4707,1,White,1,0,0,0,2,1.0,57.0,True
5240,0,Non-White,0,0,0,0,1,0.0,5.0,False
323,1,Non-White,1,0,0,0,2,1.0,1.0,False
2018,0,White,1,0,0,0,10,1.0,1.0,False
5837,1,Non-White,1,0,0,0,6,1.0,9.0,True
5043,1,White,1,0,0,0,0,1.0,1.0,True
4702,1,White,1,0,0,0,5,0.0,0.0,False
5159,1,White,1,0,0,0,0,1.0,1.0,False
4883,1,White,0,0,0,0,0,1.0,0.0,False
5116,1,White,1,0,0,0,1,1.0,2.0,True
3137,1,Non-White,1,0,0,0,22,1.0,69.0,False
5524,1,Non-White,1,0,0,0,0,1.0,1.0,True
1959,0,Non-White,0,0,0,0,6,0.0,1.0,False
4195,1,Non-White,1,0,0,0,4,0.0,4.0,False
5582,1,Non-White,1,0,0,0,4,1.0,1.0,False
553,1,White,1,0,0,0,1,1.0,1.0,False
4836,1,Non-White,0,0,0,0,3,1.0,2.0,False
3843,1,Non-White,0,0,0,0,0,0.0,1.0,True
1277,1,White,1,0,0,0,13,1.0,1.0,False
949,1,Non-White,1,0,0,0,4,1.0,2.0,True
4630,1,White,1,0,0,0,2,1.0,16.0,True
2169,0,Non-White,0,0,0,0,9,1.0,196.0,False
5381,1,Non-White,0,0,0,4,2,1.0,1.0,False
438,1,Non-White,0,0,0,0,5,1.0,2.0,False
3423,1,Non-White,0,0,0,0,3,1.0,1.0,False
5186,1,White,1,0,0,0,0,1.0,1.0,False
787,0,Non-White,1,0,0,0,3,1.0,220.0,True
827,1,Non-White,0,0,0,0,0,1.0,2.0,False
5640,1,White,0,0,0,0,1,1.0,1.0,True
3797,1,White,1,0,0,0,0,1.0,1.0,False
2208,1,Non-White,0,1,0,0,1,2.0,1.0,False
1906,1,Non-White,0,0,0,0,0,1.0,3.0,True
1031,1,White,1,0,0,0,0,1.0,1.0,True
1421,0,Non-White,1,2,3,0,24,1.0,20.0,False
2832,1,Non-White,0,0,0,0,0,1.0,1.0,True
2731,0,Non-White,0,0,0,0,0,1.0,1.0,False
2622,1,White,1,0,0,0,0,1.0,1.0,True
2954,1,Non-White,1,0,0,0,8,1.0,2.0,True
3663,0,Non-White,0,0,0,0,2,1.0,3.0,False
3840,0,White,0,0,0,0,7,1.0,1.0,False
151,1,Non-White,1,0,0,0,0,1.0,1.0,False
2854,1,Non-White,0,0,0,0,0,1.0,2.0,False
3852,1,Non-White,1,0,0,0,2,1.0,1.0,False
4737,1,White,1,0,0,0,0,1.0,1.0,False
1916,1,White,1,0,0,0,0,0.0,41.0,False
2161,1,Non-White,1,0,0,0,2,0.0,0.0,False
5724,1,White,1,0,0,0,0,1.0,1.0,True
672,1,Non-White,0,0,0,0,0,1.0,1.0,False
3300,1,Non-White,0,0,0,0,0,1.0,1.0,True
5869,1,White,1,0,0,0,2,0.0,0.0,True
2326,0,Non-White,0,4,0,0,13,8.0,36.0,False
5212,1,White,1,0,0,0,0,4.0,0.0,True
98,1,White,1,0,0,0,1,0.0,1.0,False
5917,1,White,0,0,0,0,0,1.0,1.0,True
5254,0,White,0,0,4,0,4,1.0,1.0,False
4247,0,White,1,0,0,0,10,0.0,118.0,False
2148,1,Non-White,1,0,0,0,1,1.0,1.0,True
1659,1,Non-White,1,0,0,0,1,1.0,1.0,True
814,1,Non-White,1,0,0,0,0,1.0,2.0,False
1125,1,White,1,0,0,0,2,10.0,2.0,False
5774,1,Non-White,1,0,0,0,0,1.0,1.0,True
4155,1,White,0,0,0,0,0,1.0,1.0,False
38,1,Non-White,1,0,0,0,7,1.0,2.0,False
4817,1,Non-White,1,0,0,0,1,1.0,1.0,True
3367,1,White,0,0,0,1,1,1.0,237.0,False
3643,1,Non-White,1,0,0,0,5,1.0,1.0,False
4216,1,Non-White,1,0,0,0,0,1.0,1.0,False
636,1,Non-White,1,0,0,0,0,0.0,37.0,False
3226,1,White,1,0,0,0,0,1.0,1.0,True
103,1,Non-White,0,0,0,0,1,1.0,1.0,False
2185,1,Non-White,1,0,0,0,0,3.0,1.0,False
3660,1,White,1,0,0,0,3,3.0,2.0,True
1191,1,Non-White,0,0,0,0,0,1.0,2.0,False
3863,1,Non-White,0,0,0,0,0,0.0,2.0,False
1330,1,White,1,0,0,0,2,1.0,0.0,False
3862,1,Non-White,0,0,0,1,1,1.0,1.0,False
2581,0,Non-White,1,0,0,0,2,0.0,19.0,False
5792,0,Non-White,1,0,0,0,9,1.0,27.0,True
1106,1,Non-White,1,0,0,0,4,1.0,1.0,True
3615,1,Non-White,1,0,0,0,12,0.0,35.0,False
728,1,Non-White,0,0,1,0,5,1.0,2.0,False
5408,1,White,1,0,0,0,0,1.0,3.0,False
2661,1,Non-White,0,0,0,1,1,1.0,1.0,False
1553,1,White,1,0,0,0,3,1.0,1.0,True
4112,1,Non-White,0,0,0,0,2,1.0,1.0,False
2074,1,Non-White,0,1,0,1,1,1.0,1.0,False
948,0,Non-White,1,0,0,0,16,2.0,1.0,False
3171,1,White,1,0,0,0,3,0.0,0.0,False
3915,1,Non-White,1,0,0,0,1,2.0,1.0,False
5495,1,Non-White,0,0,0,0,2,1.0,1.0,False
3238,1,Non-White,1,0,0,0,0,1.0,1.0,False
5864,1,Non-White,0,0,0,0,9,1.0,43.0,False
5233,1,Non-White,0,0,0,0,10,18.0,1.0,False
4650,1,White,1,0,0,0,0,6.0,1.0,True
69,1,Non-White,1,0,0,0,0,1.0,1.0,False
1726,1,Non-White,0,0,0,0,0,1.0,1.0,True
5994,1,White,1,0,0,0,0,0.0,36.0,False
4643,1,Non-White,0,0,0,0,0,1.0,2.0,True
5014,1,White,1,0,0,0,0,1.0,1.0,False
3859,0,Non-White,1,0,0,0,17,2.0,1.0,False
1300,0,Non-White,0,0,0,0,11,1.0,1.0,False
5220,1,Non-White,0,0,0,0,8,1.0,50.0,False
1338,1,Non-White,1,0,0,0,1,1.0,2.0,False
268,0,Non-White,0,0,0,0,7,1.0,1.0,False
2423,1,Non-White,0,0,0,0,2,1.0,4.0,False
3974,1,White,1,0,0,0,4,0.0,17.0,True
3747,1,White,1,0,0,0,0,1.0,1.0,False
1785,0,White,0,0,0,0,0,1.0,37.0,False
3362,0,Non-White,1,0,0,2,11,0.0,0.0,False
4908,1,White,1,0,0,0,0,1.0,1.0,True
5104,0,Non-White,0,0,0,0,1,1.0,36.0,False
6073,1,Non-White,0,0,0,0,0,1.0,5.0,True
2455,1,Non-White,1,0,0,0,0,1.0,2.0,False
5117,1,Non-White,0,0,0,0,2,1.0,18.0,True
2807,1,Non-White,0,0,0,0,0,1.0,2.0,False
5832,1,White,1,0,0,0,0,1.0,1.0,False
1976,1,White,0,0,0,0,0,0.0,3.0,False
2682,0,White,0,0,0,0,0,1.0,1.0,True
5376,1,Non-White,0,0,0,0,0,1.0,25.0,False
2879,1,Non-White,0,0,0,0,0,1.0,1.0,False
2218,1,White,1,0,0,0,6,1.0,10.0,True
4882,1,White,0,0,0,0,0,3.0,0.0,False
835,1,Non-White,0,0,0,0,2,1.0,6.0,False
1073,1,Non-White,0,0,0,0,0,0.0,0.0,True
3830,1,Non-White,0,0,0,0,0,1.0,1.0,False
4301,1,Non-White,0,0,0,0,0,1.0,1.0,False
2777,1,White,1,0,2,1,10,1.0,7.0,False
3933,1,White,0,0,0,0,2,1.0,9.0,False
688,1,Non-White,1,0,0,0,7,1.0,1.0,False
6077,1,Non-White,0,0,0,0,2,1.0,10.0,False
994,1,White,1,0,0,0,0,1.0,1.0,True
1530,1,Non-White,0,0,0,0,0,1.0,0.0,False
180,1,White,1,0,0,0,7,1.0,1.0,False
2953,1,Non-White,0,0,0,0,0,0.0,3.0,False
2106,1,White,0,0,0,0,0,0.0,1.0,True
1493,1,White,1,0,1,0,3,0.0,0.0,False
1140,0,Non-White,1,0,0,0,2,0.0,109.0,True
1723,1,Non-White,0,0,0,0,0,1.0,50.0,False
3050,1,Non-White,0,0,0,0,1,1.0,2.0,False
183,1,White,1,0,0,0,0,1.0,1.0,True
3138,1,Non-White,0,0,0,0,4,1.0,1.0,True
4046,1,White,1,0,0,0,3,1.0,12.0,False
4291,1,Non-White,1,0,0,0,2,0.0,0.0,False
3271,0,Non-White,0,0,0,1,16,1.0,1.0,False
3997,0,Non-White,1,0,0,0,3,1.0,1.0,True
6157,1,Non-White,1,0,0,0,4,1.0,1.0,False
4782,1,Non-White,0,0,0,0,0,0.0,1.0,True
4892,1,Non-White,1,0,0,0,1,21.0,16.0,True
2190,1,Non-White,1,0,0,0,8,0.0,2.0,False
2275,1,White,0,0,0,0,4,1.0,4.0,False
6023,1,White,1,0,0,0,1,1.0,1.0,True
1168,1,White,1,0,0,0,0,1.0,1.0,True
4595,1,Non-White,0,0,0,0,0,1.0,1.0,False
1400,1,Non-White,0,0,2,0,21,1.0,1.0,False
5044,1,Non-White,1,0,0,0,0,0.0,77.0,True
1091,1,Non-White,1,0,0,0,2,1.0,2.0,False
4827,1,Non-White,1,0,0,0,6,1.0,1.0,False
2597,0,Non-White,1,0,0,0,0,1.0,5.0,False
700,1,Non-White,0,0,0,0,3,0.0,2.0,True
989,1,Non-White,0,0,0,0,0,0.0,0.0,False
5617,1,Non-White,1,0,1,0,6,27.0,49.0,True
918,1,Non-White,0,0,0,0,1,1.0,1.0,False
3220,1,Non-White,1,0,0,0,13,1.0,1.0,False
1256,1,Non-White,0,0,0,0,2,1.0,49.0,False
131,1,Non-White,1,0,0,0,13,1.0,2.0,False
466,1,Non-White,1,0,0,0,6,1.0,144.0,False
421,1,White,0,0,0,0,1,1.0,1.0,True
4652,1,Non-White,1,0,0,0,0,1.0,3.0,False
3639,1,Non-White,1,0,0,0,0,1.0,1.0,False
6006,0,White,1,0,0,0,4,1.0,0.0,False
3557,0,Non-White,1,0,0,1,8,1.0,11.0,False
3186,1,Non-White,1,10,0,0,14,1.0,174.0,False
3465,1,White,0,0,1,0,3,1.0,1.0,True
5879,1,White,0,0,0,0,1,1.0,1.0,True
2229,1,White,0,0,0,0,2,1.0,1.0,False
3172,1,Non-White,1,0,0,0,0,1.0,1.0,True
2789,0,Non-White,1,0,0,0,14,1.0,41.0,False
30,1,Non-White,1,0,0,0,7,1.0,4.0,False
4968,1,White,0,0,0,0,0,0.0,1.0,True
1975,1,White,1,0,0,0,2,1.0,1.0,False
4102,1,Non-White,0,0,0,0,0,1.0,1.0,False
5029,1,Non-White,1,0,0,0,3,1.0,2.0,True
4691,1,Non-White,1,0,0,0,2,1.0,2.0,False
3515,0,Non-White,0,0,0,0,7,1.0,200.0,False
3175,1,White,0,0,0,0,0,1.0,1.0,True
2302,1,Non-White,0,0,0,0,1,10.0,2.0,False
3246,0,Non-White,0,0,0,4,8,1.0,215.0,False
5735,1,White,0,0,0,0,0,1.0,2.0,False
3590,1,Non-White,1,0,0,0,1,22.0,0.0,True
5268,0,White,0,0,0,0,2,16.0,1.0,False
495,1,White,0,0,0,0,0,0.0,0.0,True
6044,1,White,1,0,0,0,0,1.0,1.0,True
3100,1,White,1,0,0,0,0,1.0,1.0,True
2479,1,White,1,0,0,0,0,1.0,0.0,True
2135,1,Non-White,1,0,0,0,2,1.0,8.0,False
5160,1,Non-White,0,0,0,0,1,1.0,2.0,False
2625,1,Non-White,0,0,0,0,0,1.0,13.0,True
5440,1,Non-White,0,0,0,0,2,1.0,2.0,False
1121,1,Non-White,1,0,0,0,0,1.0,1.0,True
203,1,Non-White,0,0,0,0,4,0.0,0.0,False
751,1,Non-White,0,0,0,0,1,1.0,2.0,False
1138,1,White,1,0,0,0,6,25.0,0.0,False
3713,1,Non-White,1,0,0,0,21,6.0,6.0,True
3923,1,White,0,0,0,2,2,1.0,33.0,False
970,1,White,1,0,0,0,0,1.0,1.0,True
5275,1,White,1,0,0,0,1,1.0,1.0,True
2451,1,Non-White,0,0,0,0,0,2.0,1.0,True
978,1,White,0,0,1,0,1,1.0,1.0,True
3481,1,Non-White,0,0,0,0,0,0.0,3.0,False
5261,1,Non-White,1,0,0,0,0,1.0,1.0,True
2107,1,Non-White,1,0,0,0,1,0.0,0.0,True
340,1,Non-White,0,0,0,0,1,5.0,5.0,True
141,1,White,1,0,0,0,6,22.0,23.0,False
1559,1,White,1,0,0,0,0,1.0,1.0,True
2573,0,Non-White,0,0,0,0,7,1.0,4.0,False
5938,1,Non-White,0,0,1,0,1,1.0,1.0,True
3803,1,Non-White,1,0,0,0,0,0.0,0.0,True
6083,1,Non-White,0,0,0,0,2,1.0,1.0,False
4574,0,Non-White,1,3,0,0,16,1.0,1.0,False
1581,1,Non-White,0,0,0,0,0,0.0,0.0,True
2323,1,White,1,0,0,0,1,1.0,2.0,False
5557,0,Non-White,0,0,1,0,11,1.0,2.0,False
5486,1,Non-White,1,0,0,0,0,1.0,1.0,False
3694,1,Non-White,1,0,0,0,0,0.0,1.0,False
1175,1,White,1,0,0,0,2,1.0,1.0,True
301,1,White,1,0,0,0,0,1.0,1.0,True
3781,1,Non-White,0,0,0,0,0,1.0,1.0,True
893,1,Non-White,0,0,0,0,0,1.0,1.0,True
2516,1,White,0,0,0,0,10,7.0,0.0,False
4034,0,White,0,0,0,0,0,1.0,47.0,False
3484,1,White,1,0,0,0,0,1.0,1.0,True
4653,1,White,1,0,0,0,5,1.0,4.0,False
4320,0,Non-White,0,0,0,0,8,1.0,3.0,False
3017,1,Non-White,1,0,0,0,2,2.0,1.0,True
3942,1,Non-White,0,0,0,0,2,0.0,14.0,False
3028,1,White,0,0,0,0,5,1.0,102.0,False
4364,1,Non-White,1,0,0,0,0,1.0,1.0,False
1318,0,Non-White,0,0,1,3,14,0.0,0.0,False
1107,1,Non-White,0,0,0,0,0,1.0,1.0,True
5541,1,Non-White,1,0,1,0,3,0.0,0.0,False
1320,1,Non-White,1,0,0,0,24,0.0,3.0,False
17,1,Non-White,1,0,0,0,13,1.0,1.0,False
1848,0,White,0,0,0,0,4,8.0,55.0,True
1615,0,Non-White,1,0,1,0,13,1.0,1.0,False
5299,0,Non-White,0,0,1,0,2,1.0,23.0,False
1209,1,Non-White,0,0,0,0,1,1.0,28.0,False
4421,1,Non-White,1,0,0,0,2,13.0,7.0,False
4485,1,Non-White,0,0,0,0,2,1.0,4.0,True
755,1,Non-White,1,0,0,0,3,1.0,1.0,False
449,1,Non-White,0,0,1,0,6,1.0,4.0,False
2386,1,Non-White,0,0,0,0,0,16.0,31.0,False
2459,1,White,1,0,0,0,0,2.0,1.0,True
3572,1,Non-White,0,0,0,0,2,1.0,2.0,False
2989,1,White,0,0,0,0,0,0.0,1.0,True
3141,1,White,1,0,0,0,1,1.0,1.0,True
859,0,Non-White,0,0,0,0,11,1.0,2.0,True
1589,0,Non-White,0,0,0,0,3,1.0,42.0,False
5493,1,Non-White,0,0,0,0,0,4.0,4.0,False
4238,0,White,0,1,0,3,2,0.0,27.0,True
360,1,White,0,0,0,0,3,22.0,0.0,True
345,1,White,0,0,0,0,0,0.0,0.0,True
3738,1,White,0,0,0,0,2,12.0,11.0,True
1451,1,White,0,0,0,0,0,5.0,4.0,True
4539,1,White,1,0,0,0,0,1.0,0.0,True
5755,1,Non-White,0,0,0,0,6,1.0,1.0,False
7,1,White,0,0,0,0,0,1.0,1.0,False
1115,1,White,1,0,0,0,2,1.0,1.0,False
2434,1,Non-White,1,0,0,0,3,0.0,1.0,True
3054,0,Non-White,0,0,0,0,0,1.0,33.0,False
1879,1,Non-White,1,0,0,0,0,3.0,1.0,False
3958,1,Non-White,0,0,0,0,6,1.0,1.0,True
534,0,White,0,0,0,0,5,0.0,1.0,True
1000,0,White,0,0,0,0,11,3.0,35.0,False
2177,1,Non-White,1,2,0,0,11,1.0,1.0,False
4664,1,Non-White,1,0,0,0,8,1.0,14.0,False
4571,1,Non-White,1,0,0,0,1,18.0,1.0,False
1795,1,Non-White,0,0,0,0,0,1.0,1.0,True
5172,1,White,0,0,0,0,3,0.0,2.0,False
2461,1,White,1,0,0,0,1,1.0,2.0,False
4211,1,White,1,0,0,0,1,22.0,1.0,True
3336,1,White,1,0,0,0,0,1.0,1.0,True
404,1,White,1,0,0,0,4,1.0,1.0,False
1567,1,White,0,0,1,3,4,1.0,1.0,True
5903,1,Non-White,0,0,0,0,1,1.0,4.0,False
3849,1,Non-White,0,0,1,0,1,0.0,0.0,True
3669,1,White,1,0,0,0,8,26.0,24.0,True
5824,1,White,0,0,0,7,3,1.0,1.0,True
4948,1,White,1,0,0,0,9,2.0,1.0,True
2688,1,Non-White,1,0,0,0,1,1.0,1.0,False
2927,1,Non-White,1,0,0,0,1,1.0,1.0,False
3030,1,White,1,0,0,0,3,9.0,1.0,True
3574,1,White,0,0,0,0,6,2.0,68.0,False
2457,1,Non-White,1,0,0,0,6,1.0,2.0,False
2328,1,Non-White,0,0,0,0,0,0.0,11.0,False
5658,1,Non-White,1,0,0,0,1,7.0,63.0,False
3501,1,Non-White,1,0,0,1,9,1.0,23.0,True
5291,1,Non-White,1,0,0,0,0,0.0,1.0,False
4754,1,Non-White,0,0,0,0,1,19.0,18.0,False
4682,1,Non-White,1,0,0,0,4,1.0,2.0,False
1059,0,Non-White,1,0,0,0,4,1.0,354.0,False
3279,0,Non-White,1,2,2,1,19,1.0,180.0,False
3032,0,Non-White,0,0,0,0,1,1.0,4.0,False
1452,1,Non-White,0,0,0,0,3,27.0,27.0,False
1198,1,Non-White,1,0,0,0,0,0.0,1.0,True
954,1,Non-White,1,0,0,0,9,1.0,1.0,False
1608,0,Non-White,0,0,0,1,0,1.0,1.0,False
2119,1,White,0,0,1,1,1,1.0,1.0,True
4395,1,White,1,0,0,0,4,5.0,0.0,True
940,1,Non-White,0,0,0,0,3,1.0,1.0,False
2391,1,White,1,0,0,0,2,0.0,23.0,False
5510,1,White,0,0,0,0,6,0.0,2.0,True
5138,1,Non-White,0,0,0,0,0,1.0,1.0,False
2583,0,White,0,0,0,0,1,0.0,59.0,False
5420,1,Non-White,1,0,0,0,6,0.0,1.0,False
4577,1,Non-White,1,0,0,0,1,1.0,1.0,False
3447,1,Non-White,1,0,0,0,1,11.0,9.0,False
3158,1,Non-White,1,0,0,0,2,1.0,2.0,False
3780,0,Non-White,0,0,0,1,5,1.0,5.0,False
5836,1,White,1,0,0,0,0,1.0,1.0,False
2525,1,Non-White,1,0,0,0,20,1.0,2.0,False
457,0,White,0,0,0,1,9,23.0,10.0,True
3354,1,White,1,0,0,0,0,2.0,1.0,True
1537,1,White,1,0,0,0,0,1.0,0.0,True
3512,1,Non-White,0,0,0,0,1,1.0,2.0,False
2730,1,Non-White,0,0,0,0,0,1.0,4.0,True
1884,1,Non-White,1,0,0,0,0,1.0,1.0,False
2783,1,White,0,0,0,0,1,0.0,1.0,False
3832,0,White,0,0,0,0,3,1.0,3.0,False
4086,1,Non-White,1,0,0,0,0,1.0,1.0,True
3263,1,Non-White,0,0,0,0,2,1.0,1.0,True
6015,1,White,0,0,0,0,7,7.0,7.0,False
3596,1,White,1,0,0,0,3,3.0,1.0,False
669,1,White,1,0,0,0,0,0.0,5.0,True
3230,1,Non-White,1,0,0,0,1,1.0,1.0,True
4355,1,Non-White,0,0,0,0,0,1.0,1.0,False
1665,1,Non-White,1,0,0,0,0,1.0,1.0,False
2163,1,White,1,0,0,0,0,1.0,1.0,True
4,1,White,1,0,0,0,14,1.0,6.0,False
2270,1,Non-White,0,0,0,0,0,1.0,1.0,False
2554,1,Non-White,1,0,0,0,0,1.0,26.0,False
4772,1,Non-White,1,0,0,0,8,1.0,1.0,True
2610,0,White,1,0,0,0,20,0.0,46.0,False
225,0,Non-White,0,0,0,0,0,1.0,3.0,False
5531,0,Non-White,0,0,0,0,15,1.0,43.0,False
1063,0,Non-White,0,0,0,0,0,1.0,209.0,False
3417,1,White,0,0,0,0,0,1.0,1.0,False
85,1,Non-White,0,0,0,0,1,10.0,9.0,True
5053,1,Non-White,0,0,0,0,0,1.0,1.0,False
3470,1,Non-White,1,0,0,0,4,0.0,1.0,True
3592,0,Non-White,0,0,0,0,5,1.0,6.0,True
1719,1,White,1,0,0,0,0,1.0,116.0,False
3644,1,Non-White,0,0,0,0,1,1.0,99.0,True
3555,1,Non-White,0,0,1,0,1,1.0,33.0,False
4909,0,Non-White,0,6,0,0,8,1.0,1.0,True
2498,1,White,1,0,0,0,0,1.0,1.0,True
5986,1,Non-White,1,0,0,0,4,1.0,1.0,True
2363,0,White,0,0,1,1,2,1.0,12.0,False
4940,1,White,0,0,0,0,2,0.0,0.0,True
5588,1,Non-White,0,0,0,0,2,1.0,4.0,False
3192,1,Non-White,0,0,0,0,0,1.0,23.0,True
1116,1,Non-White,0,0,0,0,0,1.0,1.0,False
1045,1,Non-White,0,0,0,0,0,1.0,2.0,True
2823,1,Non-White,0,0,0,0,2,1.0,1.0,False
406,1,Non-White,1,0,0,0,4,1.0,32.0,False
3716,1,Non-White,0,0,0,0,1,0.0,0.0,False
515,1,White,1,0,0,0,0,0.0,0.0,True
5461,1,White,0,0,0,0,0,1.0,1.0,True
3006,0,Non-White,0,0,0,1,1,1.0,1.0,False
3106,0,Non-White,1,0,0,1,19,1.0,212.0,False
579,1,Non-White,0,0,0,1,0,1.0,1.0,False
5839,1,White,0,0,0,0,2,0.0,42.0,False
2153,1,Non-White,1,0,0,0,2,1.0,49.0,True
6031,1,Non-White,0,0,0,0,0,1.0,1.0,False
3767,1,Non-White,1,0,0,0,0,1.0,1.0,True
1981,1,White,1,0,0,0,4,2.0,1.0,False
4991,1,Non-White,0,0,0,0,7,0.0,2.0,False
3109,1,Non-White,1,0,0,0,1,1.0,1.0,False
2003,1,Non-White,0,0,0,0,2,10.0,10.0,False
2621,1,Non-White,1,0,0,0,0,1.0,1.0,True
3982,1,White,1,0,0,0,0,1.0,1.0,False
4553,0,Non-White,0,0,2,1,3,3.0,1.0,False
5581,1,Non-White,1,0,0,0,0,1.0,18.0,False
1698,1,Non-White,1,0,0,0,5,1.0,3.0,False
2642,1,White,0,0,0,2,1,1.0,2.0,False
364,1,Non-White,0,0,0,0,2,1.0,1.0,False
41,0,Non-White,1,1,0,4,13,1.0,1.0,False
24,1,Non-White,0,0,0,0,8,1.0,17.0,False
2254,1,White,1,0,0,0,0,2.0,1.0,True
5664,1,Non-White,0,0,0,0,2,0.0,0.0,True
3522,1,Non-White,0,0,0,0,0,1.0,1.0,True
1857,0,Non-White,0,0,0,0,3,0.0,34.0,False
664,1,White,0,0,0,0,0,0.0,3.0,False
2518,1,White,0,0,0,0,0,1.0,1.0,False
1252,1,White,0,0,0,0,0,1.0,1.0,False
1097,1,Non-White,1,0,0,0,0,1.0,1.0,False
3128,1,White,0,0,0,0,0,1.0,2.0,False
6122,1,Non-White,1,0,0,0,5,0.0,151.0,True
3703,1,Non-White,1,0,0,0,0,1.0,1.0,False
4229,1,Non-White,0,0,0,0,3,0.0,1.0,False
444,1,White,0,0,0,0,0,1.0,15.0,False
5336,1,Non-White,1,0,0,0,2,0.0,1.0,False
2835,1,Non-White,1,0,0,0,6,1.0,2.0,False
3257,1,Non-White,0,0,0,0,0,1.0,2.0,False
250,1,Non-White,0,0,0,0,0,1.0,1.0,False
1255,1,Non-White,0,0,0,0,0,0.0,1.0,True
2484,0,White,0,0,0,0,2,0.0,181.0,False
1637,1,Non-White,1,0,0,0,7,1.0,1.0,False
2313,1,Non-White,1,0,0,0,8,1.0,1.0,True
5028,1,Non-White,0,0,0,0,0,1.0,1.0,True
3140,0,Non-White,1,0,0,0,2,1.0,1.0,False
3819,0,Non-White,0,0,0,0,1,0.0,103.0,False
522,1,White,0,0,0,0,2,29.0,25.0,True
4411,1,Non-White,0,0,0,0,3,1.0,1.0,False
2036,1,Non-White,0,0,0,0,0,1.0,2.0,False
2864,1,Non-White,0,0,0,0,0,1.0,7.0,False
5973,1,Non-White,1,0,0,0,3,1.0,115.0,True
1427,1,Non-White,0,0,0,0,0,0.0,1.0,False
5997,0,Non-White,1,2,0,0,9,1.0,3.0,True
1474,1,White,1,0,0,0,4,0.0,7.0,False
5355,1,Non-White,1,0,0,0,5,1.0,301.0,False
181,0,Non-White,1,0,0,0,15,1.0,2.0,False
3281,1,White,0,0,0,0,0,0.0,1.0,True
130,1,Non-White,1,0,0,0,1,1.0,1.0,False
468,1,Non-White,1,0,0,0,0,1.0,17.0,False
581,1,Non-White,1,0,0,0,5,1.0,7.0,False
6132,1,Non-White,0,0,0,0,0,1.0,2.0,True
5090,1,Non-White,1,0,0,0,4,1.0,75.0,True
2258,1,Non-White,1,0,0,0,0,3.0,1.0,True
4775,1,White,0,0,0,3,0,0.0,1.0,False
5372,1,Non-White,1,0,0,0,9,0.0,0.0,False
108,1,White,1,0,0,0,6,4.0,0.0,False
2378,1,White,0,0,0,0,0,1.0,0.0,True
206,1,White,1,0,0,0,0,1.0,35.0,False
3258,1,White,0,0,0,0,2,1.0,1.0,False
2370,1,Non-White,0,0,0,0,0,1.0,1.0,False
34,1,White,0,0,0,0,0,0.0,0.0,True
6060,1,Non-White,1,0,0,0,0,1.0,1.0,False
2776,1,White,1,0,0,0,2,1.0,1.0,True
612,1,White,0,0,0,0,1,1.0,1.0,False
2253,1,Non-White,1,0,0,0,1,6.0,5.0,False
6036,1,Non-White,1,0,0,0,9,1.0,1.0,False
930,1,White,0,0,0,0,0,1.0,1.0,True
3353,1,White,0,0,0,0,0,1.0,1.0,True
5436,1,Non-White,0,0,0,1,0,1.0,1.0,True
5348,1,Non-White,0,0,1,0,2,1.0,8.0,False
481,0,Non-White,0,0,0,0,8,0.0,0.0,False
3798,1,Non-White,0,1,0,0,1,1.0,2.0,True
2367,0,Non-White,1,0,0,0,9,1.0,35.0,False
2436,0,Non-White,0,0,0,0,2,0.0,160.0,False
4860,1,Non-White,1,0,0,0,0,4.0,2.0,False
5766,1,Non-White,0,0,0,0,0,1.0,10.0,False
2950,1,Non-White,0,0,0,0,1,24.0,1.0,False
1248,0,Non-White,0,0,0,0,1,1.0,1.0,False
3667,1,Non-White,1,0,0,0,12,1.0,2.0,False
986,0,Non-White,0,0,0,0,9,1.0,1.0,False
5650,1,White,1,0,0,0,0,1.0,1.0,False
4728,1,Non-White,0,0,0,0,7,1.0,18.0,False
1704,1,Non-White,1,0,0,0,1,22.0,3.0,False
256,1,Non-White,1,0,0,0,2,1.0,8.0,False
5390,1,White,0,0,0,0,0,1.0,12.0,False
623,1,Non-White,0,0,0,0,0,3.0,1.0,False
1381,1,Non-White,1,0,0,0,2,1.0,1.0,False
5293,1,White,1,0,0,0,0,1.0,1.0,False
4123,1,Non-White,1,0,0,0,0,0.0,65.0,False
607,1,White,1,0,0,0,0,0.0,0.0,True
5499,1,White,1,0,0,0,1,9.0,1.0,True
3929,1,Non-White,0,0,0,0,0,1.0,1.0,False
3413,1,Non-White,0,0,0,0,4,1.0,1.0,False
1448,1,Non-White,1,0,0,0,3,1.0,1.0,False
5914,1,White,0,0,0,0,1,1.0,1.0,True
5684,1,White,1,0,0,0,0,0.0,0.0,False
5140,1,Non-White,1,0,0,0,2,0.0,1.0,False
5662,1,Non-White,1,0,0,0,0,1.0,1.0,True
3218,1,Non-White,0,0,0,0,6,1.0,1.0,True
2955,1,White,0,0,0,0,0,0.0,2.0,True
1202,0,Non-White,0,0,0,0,1,1.0,1.0,False
1092,1,White,1,0,0,0,0,1.0,3.0,True
5392,1,White,1,0,0,0,1,0.0,0.0,True
1875,1,Non-White,1,0,0,0,1,1.0,2.0,False
2822,1,Non-White,0,0,2,0,7,0.0,9.0,False
766,1,Non-White,0,0,0,0,3,1.0,2.0,True
4199,1,Non-White,1,0,0,0,4,4.0,2.0,False
2136,1,Non-White,0,0,0,0,1,1.0,23.0,False
5915,1,Non-White,1,0,0,0,3,1.0,70.0,True
3984,1,White,1,0,0,0,2,29.0,29.0,False
1426,1,White,1,0,0,0,8,10.0,9.0,False
2058,0,Non-White,1,0,0,0,8,1.0,43.0,False
2770,1,Non-White,0,0,1,0,2,6.0,1.0,False
3527,0,Non-White,0,0,0,0,9,0.0,0.0,False
1041,1,Non-White,1,0,0,0,12,1.0,1.0,False
2355,1,White,1,0,0,0,2,0.0,1.0,False
4254,0,Non-White,1,0,0,0,1,0.0,0.0,False
2283,1,White,0,0,0,0,0,1.0,1.0,True
4916,1,White,1,0,0,0,3,1.0,121.0,False
2503,0,Non-White,1,0,0,0,24,22.0,6.0,False
5723,1,Non-White,1,0,0,0,2,1.0,1.0,False
1922,1,Non-White,0,0,0,0,0,0.0,0.0,True
1150,1,Non-White,0,0,0,0,0,0.0,0.0,False
2552,1,White,0,0,0,0,0,1.0,1.0,False
5483,1,Non-White,1,0,0,0,4,1.0,1.0,True
3073,1,Non-White,1,0,0,0,3,1.0,4.0,False
1199,0,Non-White,0,0,0,0,8,1.0,1.0,False
3089,1,White,0,0,0,0,0,1.0,2.0,False
5666,1,Non-White,1,0,0,0,5,1.0,4.0,False
2261,1,Non-White,1,0,1,0,3,0.0,1.0,False
2191,1,Non-White,1,0,0,0,3,1.0,60.0,False
3013,1,White,1,0,0,0,0,2.0,2.0,False
3037,1,Non-White,1,0,0,0,3,0.0,0.0,False
5885,1,Non-White,1,0,3,4,15,1.0,91.0,False
1113,1,Non-White,1,0,0,0,0,1.0,17.0,False
1907,1,Non-White,1,0,0,0,1,1.0,3.0,False
5111,1,White,1,0,0,0,11,1.0,1.0,False
984,1,Non-White,0,0,0,0,0,1.0,4.0,False
177,0,White,0,0,0,0,7,1.0,1.0,False
1820,0,Non-White,0,0,0,0,1,1.0,49.0,False
992,1,Non-White,1,0,0,0,4,3.0,2.0,True
4196,1,White,1,0,0,0,0,1.0,1.0,True
5031,0,Non-White,1,0,1,0,7,1.0,116.0,False
5530,1,White,1,0,0,0,3,1.0,1.0,False
5589,1,White,1,0,0,0,5,4.0,1.0,False
2030,1,Non-White,0,0,0,0,0,0.0,1.0,True
1685,1,White,1,0,0,0,0,0.0,0.0,True
5330,0,Non-White,1,0,0,0,1,1.0,1.0,False
5215,1,White,1,0,0,0,4,1.0,1.0,True
4358,1,White,1,0,0,0,1,1.0,51.0,False
4612,0,Non-White,0,0,0,1,2,1.0,40.0,False
2118,1,White,1,0,0,0,0,7.0,7.0,False
5187,1,White,1,0,0,0,3,1.0,1.0,False
2799,1,White,0,0,0,0,1,1.0,1.0,True
1783,1,Non-White,0,0,0,0,0,1.0,5.0,False
5035,1,Non-White,1,0,0,0,17,1.0,1.0,True
752,1,White,1,0,0,0,1,1.0,1.0,False
4636,0,Non-White,0,0,0,1,7,1.0,2.0,False
3371,1,White,1,0,0,0,5,1.0,1.0,False
4984,1,Non-White,0,0,0,0,0,0.0,0.0,False
6033,1,Non-White,0,0,0,0,1,6.0,5.0,True
2011,0,Non-White,1,0,0,0,10,0.0,1.0,True
1226,1,Non-White,0,0,0,0,3,20.0,214.0,False
2023,1,White,1,3,0,0,16,1.0,82.0,True
97,1,Non-White,1,0,0,0,3,0.0,1.0,False
4972,1,Non-White,1,0,1,0,19,1.0,1.0,False
4992,1,White,1,0,0,0,3,1.0,1.0,False
3801,0,Non-White,0,0,0,0,2,0.0,92.0,False
4070,1,White,1,0,0,0,0,1.0,2.0,True
2961,1,Non-White,1,0,0,0,5,1.0,7.0,False
2124,1,White,1,0,0,0,1,23.0,2.0,False
6067,0,White,0,0,0,0,0,0.0,0.0,True
391,1,Non-White,0,1,2,2,6,1.0,1.0,False
33,0,Non-White,1,2,1,3,21,0.0,33.0,False
5066,1,Non-White,0,0,0,0,21,0.0,35.0,False
5512,1,Non-White,1,0,0,0,1,15.0,1.0,True
2915,0,Non-White,0,0,0,0,0,0.0,0.0,False
842,1,Non-White,0,0,0,0,0,1.0,1.0,True
3970,1,Non-White,0,0,0,0,3,1.0,21.0,False
4646,1,Non-White,1,0,0,0,8,1.0,1.0,True
6085,1,White,1,0,0,0,2,1.0,10.0,False
3931,1,White,0,0,0,0,0,1.0,1.0,False
4495,1,White,1,0,0,3,9,1.0,470.0,False
4513,1,White,1,0,0,0,0,0.0,0.0,True
935,1,White,1,0,0,0,8,14.0,12.0,False
213,1,Non-White,1,0,0,0,0,1.0,1.0,True
541,1,Non-White,1,0,0,0,4,14.0,1.0,False
2392,1,Non-White,0,0,0,0,1,0.0,0.0,True
2976,1,White,1,0,0,0,3,0.0,63.0,True
2141,1,Non-White,0,0,1,1,3,1.0,1.0,True
4900,1,Non-White,0,0,0,0,1,1.0,1.0,False
6103,1,White,1,0,0,0,8,1.0,1.0,True
3237,1,White,1,0,0,0,3,1.0,1.0,False
4903,1,White,1,0,0,0,0,1.0,3.0,False
3182,1,White,1,0,0,0,0,3.0,0.0,True
2255,1,Non-White,1,0,0,0,7,19.0,6.0,False
4709,1,Non-White,1,0,0,0,0,2.0,2.0,False
2082,0,Non-White,0,0,0,2,4,1.0,1.0,False
6024,1,Non-White,0,0,0,0,0,1.0,1.0,False
3489,1,Non-White,1,0,0,0,0,1.0,1.0,True
2883,1,Non-White,1,0,0,0,1,1.0,1.0,False
3283,1,Non-White,0,0,0,0,2,1.0,1.0,False
4222,1,Non-White,1,0,0,0,0,0.0,1.0,True
4946,1,Non-White,1,0,0,0,1,1.0,4.0,False
1294,0,Non-White,0,0,4,4,14,1.0,83.0,False
2493,1,White,1,0,0,0,8,1.0,1.0,False
1305,1,Non-White,1,0,0,0,0,1.0,1.0,True
5227,1,Non-White,1,0,0,0,1,1.0,1.0,False
1011,1,White,1,0,0,0,1,25.0,1.0,True
2733,0,Non-White,0,0,1,0,7,1.0,1.0,False
5222,1,Non-White,0,0,0,0,10,0.0,1.0,False
731,0,Non-White,0,0,1,1,7,1.0,1.0,True
5225,0,Non-White,1,0,0,0,2,0.0,1.0,True
1692,0,Non-White,0,0,1,0,14,1.0,2.0,False
1112,1,Non-White,0,0,0,0,4,1.0,1.0,False
4703,1,Non-White,1,0,0,0,0,1.0,7.0,True
2693,0,Non-White,1,0,0,0,1,1.0,3.0,False
801,1,White,0,0,0,0,1,1.0,1.0,False
3387,1,Non-White,0,0,0,2,1,1.0,1.0,True
2904,0,Non-White,1,0,2,0,10,3.0,1.0,False
1230,1,Non-White,1,0,0,0,15,0.0,1.0,True
4530,1,White,1,0,0,0,10,0.0,0.0,True
197,1,White,1,0,0,0,13,0.0,51.0,False
2943,1,Non-White,0,0,0,0,0,0.0,2.0,True
1080,1,Non-White,0,0,0,0,0,6.0,0.0,True
6123,1,Non-White,0,0,2,0,7,1.0,4.0,False
5893,0,Non-White,0,0,0,0,15,1.0,49.0,False
2652,1,Non-White,1,0,0,0,1,23.0,1.0,False
5369,1,Non-White,1,0,0,0,10,28.0,23.0,False
5795,1,Non-White,0,0,0,0,0,1.0,2.0,True
3744,1,Non-White,1,0,0,0,0,1.0,34.0,True
4076,1,White,1,0,0,0,0,1.0,1.0,True
2142,1,Non-White,1,0,0,0,2,1.0,12.0,False
2584,1,White,1,0,0,0,0,1.0,30.0,True
3436,1,Non-White,0,0,0,0,0,0.0,1.0,True
81,1,White,0,0,0,0,0,1.0,1.0,False
2863,1,White,0,0,0,0,1,0.0,1.0,True
2550,1,Non-White,0,0,0,0,1,1.0,2.0,True
1521,1,White,1,0,0,0,5,1.0,65.0,False
4213,1,White,1,0,0,0,11,1.0,118.0,False
959,1,Non-White,1,0,0,0,1,0.0,0.0,True
4467,1,Non-White,1,0,0,0,1,1.0,0.0,False
5016,1,Non-White,0,0,0,0,0,1.0,3.0,False
2724,1,Non-White,1,0,0,0,0,1.0,1.0,True
4696,1,White,0,0,0,0,1,2.0,1.0,True
705,1,Non-White,0,0,0,0,0,1.0,1.0,False
2155,0,Non-White,0,0,0,0,5,1.0,36.0,False
996,1,White,1,0,0,0,2,1.0,43.0,False
2857,0,White,0,0,0,1,18,1.0,179.0,False
129,1,White,0,0,0,0,0,2.0,1.0,True
4479,1,Non-White,0,0,0,0,0,1.0,1.0,True
1227,1,Non-White,1,0,0,0,2,1.0,2.0,False
3723,0,Non-White,0,0,0,0,0,1.0,2.0,True
6171,1,Non-White,0,0,0,0,2,2.0,2.0,False
5203,0,Non-White,1,0,0,0,1,1.0,1.0,False
1257,1,White,0,0,0,0,5,3.0,0.0,False
4007,1,Non-White,1,0,0,0,1,1.0,4.0,False
5923,1,Non-White,1,0,0,0,5,1.0,1.0,True
1481,0,Non-White,0,1,0,0,1,12.0,5.0,False
4014,1,White,0,0,0,0,0,0.0,1.0,False
3890,1,Non-White,1,0,0,0,1,24.0,1.0,False
3334,0,Non-White,0,0,0,0,6,1.0,18.0,False
3769,1,Non-White,1,0,0,0,0,1.0,25.0,False
2828,0,Non-White,0,1,3,0,24,1.0,86.0,True
5584,1,Non-White,0,0,0,0,0,1.0,1.0,True
5580,1,Non-White,0,0,0,3,1,24.0,22.0,False
1515,1,Non-White,1,0,0,0,3,0.0,0.0,False
2740,0,Non-White,1,0,0,0,3,1.0,39.0,False
862,1,White,1,0,0,0,1,1.0,1.0,False
5712,0,Non-White,0,1,1,2,4,1.0,31.0,False
4905,1,Non-White,1,0,0,0,0,0.0,0.0,True
1936,1,Non-White,1,0,0,0,1,1.0,1.0,False
3441,1,Non-White,1,0,0,0,1,0.0,0.0,True
5054,1,White,0,0,0,0,1,2.0,1.0,True
746,1,Non-White,0,0,0,0,1,1.0,1.0,True
5319,1,Non-White,1,0,0,0,1,1.0,1.0,False
4390,1,Non-White,1,0,0,0,2,1.0,1.0,False
5908,1,Non-White,0,0,0,0,1,0.0,178.0,True
3930,1,White,0,0,0,0,0,0.0,1.0,False
4275,1,Non-White,1,0,0,0,1,12.0,7.0,False
4897,1,White,1,0,0,0,4,1.0,1.0,False
1229,1,Non-White,0,0,0,0,1,1.0,1.0,True
3259,1,White,1,0,0,0,3,0.0,0.0,True
4774,1,White,1,0,0,0,0,0.0,4.0,True
5995,1,Non-White,1,0,0,0,1,0.0,0.0,False
5522,1,Non-White,1,0,0,0,0,1.0,1.0,False
5257,1,Non-White,1,0,0,0,6,1.0,1.0,True
2615,1,White,1,0,0,0,0,0.0,0.0,True
2826,1,Non-White,0,0,0,0,1,1.0,1.0,False
2729,0,Non-White,1,2,1,1,16,1.0,53.0,False
2042,0,Non-White,0,0,0,0,0,1.0,2.0,True
1760,1,White,1,0,0,0,0,1.0,2.0,False
2589,1,Non-White,1,0,0,2,10,1.0,1.0,False
3298,1,Non-White,0,0,0,0,2,1.0,2.0,False
5274,1,White,1,0,0,0,0,0.0,0.0,False
1773,1,Non-White,1,0,0,0,4,1.0,1.0,False
4740,0,Non-White,1,0,0,0,0,1.0,33.0,False
2969,1,White,1,0,0,0,5,21.0,19.0,False
469,1,Non-White,1,0,0,0,3,1.0,3.0,False
4366,0,Non-White,0,0,0,0,2,1.0,1.0,False
1978,1,Non-White,1,0,0,0,3,0.0,1.0,False
3567,1,Non-White,0,0,0,0,3,0.0,0.0,False
3731,1,White,1,0,0,0,2,2.0,2.0,False
1994,1,White,1,0,0,0,0,1.0,1.0,True
1888,0,White,0,0,1,2,1,1.0,13.0,False
5874,1,Non-White,1,0,0,0,1,0.0,52.0,False
758,1,White,1,0,0,0,1,22.0,0.0,False
100,1,Non-White,0,0,0,0,0,1.0,1.0,False
1552,1,Non-White,0,0,0,0,0,1.0,2.0,False
20,1,White,0,0,0,0,0,2.0,1.0,False
5922,1,Non-White,0,0,1,0,1,1.0,2.0,False
1890,1,Non-White,1,0,0,0,1,1.0,71.0,True
2513,1,Non-White,1,0,0,0,0,0.0,1.0,False
1545,1,White,1,0,0,2,6,0.0,0.0,True
2540,1,White,0,0,0,0,3,21.0,26.0,False
3519,1,Non-White,1,0,0,0,0,1.0,1.0,True
1628,1,White,1,0,0,0,0,1.0,1.0,True
858,1,Non-White,1,0,1,0,17,1.0,2.0,True
5714,0,Non-White,1,0,0,0,9,0.0,0.0,False
1245,0,White,1,0,0,0,1,1.0,170.0,False
4805,1,Non-White,0,0,0,0,0,1.0,1.0,False
1104,1,White,1,0,0,0,12,24.0,22.0,True
1613,1,White,1,0,0,0,8,1.0,173.0,False
328,0,Non-White,0,0,0,0,5,0.0,51.0,False
807,1,Non-White,0,0,0,0,1,1.0,2.0,True
4965,1,Non-White,1,0,0,0,0,1.0,1.0,True
5882,1,Non-White,0,0,0,0,2,1.0,1.0,True
1371,1,Non-White,1,0,0,0,6,1.0,2.0,False
496,1,White,0,0,0,0,1,1.0,10.0,True
3325,1,Non-White,0,0,0,0,4,1.0,9.0,True
5730,1,Non-White,1,0,0,0,0,1.0,1.0,False
1691,1,Non-White,1,0,0,0,4,1.0,30.0,True
5958,1,Non-White,1,0,0,0,20,1.0,199.0,False
5535,1,Non-White,0,0,0,0,1,1.0,1.0,True
5576,1,White,0,0,0,0,0,1.0,1.0,False
1363,1,White,1,0,0,0,5,1.0,21.0,True
5125,1,Non-White,0,0,1,2,1,1.0,1.0,True
1240,1,White,0,0,0,0,6,1.0,7.0,False
5332,1,Non-White,1,0,0,0,0,0.0,1.0,True
2523,0,Non-White,0,0,0,1,0,1.0,1.0,False
1029,1,Non-White,1,0,0,0,0,6.0,6.0,True
1467,0,Non-White,1,0,0,0,27,1.0,118.0,False
298,1,Non-White,0,0,0,0,0,1.0,1.0,False
2500,1,Non-White,0,0,0,0,0,0.0,0.0,True
6150,1,Non-White,0,0,0,0,2,1.0,33.0,True
3990,1,White,1,0,0,0,4,1.0,33.0,False
3825,1,White,1,0,0,0,0,1.0,1.0,True
2874,1,Non-White,1,0,0,0,11,1.0,1.0,False
342,1,White,1,0,0,0,0,1.0,1.0,True
3474,0,Non-White,1,0,0,0,0,1.0,749.0,True
3858,1,Non-White,0,0,0,0,0,1.0,1.0,True
2431,1,Non-White,1,0,0,0,0,1.0,1.0,False
873,1,White,1,0,0,0,0,1.0,1.0,False
5519,1,Non-White,1,0,0,0,3,1.0,2.0,False
3532,0,Non-White,0,0,0,0,2,1.0,8.0,True
5415,1,White,1,0,0,0,3,1.0,7.0,False
3425,1,White,0,0,0,0,2,1.0,1.0,False
635,0,Non-White,1,0,4,0,10,1.0,41.0,True
3983,1,Non-White,0,0,0,0,3,0.0,6.0,True
1197,1,White,1,0,0,1,0,1.0,1.0,False
5285,1,Non-White,1,0,0,0,20,1.0,1.0,False
4831,1,White,1,0,0,0,3,4.0,0.0,True
1787,1,Non-White,1,0,0,0,9,5.0,3.0,False
5391,1,Non-White,1,0,0,1,8,8.0,7.0,True
2713,1,Non-White,0,0,0,0,4,1.0,1.0,False
3956,0,Non-White,1,2,0,0,9,1.0,174.0,False
614,0,Non-White,0,0,0,0,0,0.0,0.0,False
1505,1,Non-White,0,0,0,0,0,2.0,1.0,False
2375,1,Non-White,1,0,0,0,12,1.0,3.0,True
1217,1,Non-White,1,0,0,0,4,0.0,36.0,True
2257,1,Non-White,0,0,0,0,0,0.0,2.0,True
2293,1,Non-White,1,0,0,0,0,0.0,1.0,False
5547,1,Non-White,1,0,0,0,9,1.0,1.0,False
2274,1,White,0,0,0,0,0,0.0,2.0,False
1736,1,Non-White,1,0,0,0,2,1.0,10.0,False
1686,1,Non-White,0,0,0,1,1,0.0,1.0,False
5551,0,White,1,0,0,0,10,22.0,14.0,False
3541,1,Non-White,0,0,0,0,0,1.0,1.0,True
3583,1,White,1,0,0,0,1,1.0,1.0,False
2158,1,Non-White,1,1,0,0,7,1.0,2.0,False
665,1,Non-White,1,0,0,0,11,1.0,140.0,False
4718,0,Non-White,0,0,0,0,7,0.0,35.0,False
2056,1,White,1,0,0,0,1,1.0,3.0,False
2657,0,White,0,0,0,0,2,1.0,1.0,False
5423,1,White,1,0,0,0,3,0.0,0.0,True
6008,1,White,1,0,0,0,0,1.0,1.0,True
1039,1,Non-White,1,0,0,0,0,0.0,0.0,True
2629,1,White,1,0,0,0,2,1.0,2.0,False
2147,1,White,1,0,0,0,0,1.0,27.0,False
1344,1,Non-White,1,0,0,0,1,0.0,1.0,True
2968,1,Non-White,0,0,0,0,0,0.0,1.0,True
4362,0,Non-White,0,0,0,0,3,1.0,2.0,False
4024,1,White,0,0,0,0,0,1.0,1.0,True
3809,1,Non-White,0,0,0,0,0,1.0,1.0,False
3252,1,Non-White,1,0,0,0,4,26.0,1.0,False
798,1,Non-White,0,0,0,0,2,1.0,1.0,False
2389,1,Non-White,0,0,0,0,0,0.0,1.0,True
3020,1,Non-White,0,0,0,0,1,1.0,2.0,False
259,1,Non-White,0,0,0,0,0,0.0,1.0,True
374,1,Non-White,1,0,0,0,3,0.0,0.0,False
2919,0,Non-White,0,0,0,0,0,1.0,15.0,False
2998,0,Non-White,0,0,1,0,11,1.0,5.0,False
5395,1,White,0,0,0,0,2,0.0,0.0,False
6121,1,Non-White,0,0,0,0,1,1.0,30.0,False
950,1,Non-White,0,0,0,0,0,0.0,0.0,False
5688,1,White,1,0,0,0,1,26.0,1.0,True
3256,1,White,0,0,0,0,0,1.0,2.0,True
5433,0,Non-White,1,0,0,0,2,0.0,170.0,False
5071,1,Non-White,0,0,0,0,0,1.0,9.0,False
5418,1,Non-White,1,0,0,0,3,1.0,1.0,False
324,1,Non-White,0,0,0,0,7,1.0,1.0,False
411,0,White,0,0,0,1,6,0.0,3.0,False
1711,1,Non-White,0,0,0,0,0,0.0,1.0,False
2816,1,Non-White,1,0,0,0,1,1.0,1.0,False
5148,1,Non-White,1,0,0,0,3,0.0,5.0,True
4746,1,White,1,0,0,0,6,1.0,1.0,False
4641,1,White,0,0,0,0,7,1.0,8.0,False
1931,1,Non-White,1,0,0,0,3,1.0,1.0,False
4063,1,White,0,0,0,0,1,1.0,1.0,False
5978,0,Non-White,0,0,1,1,18,1.0,62.0,False
4290,1,Non-White,1,0,0,0,0,1.0,1.0,False
702,1,White,1,0,0,0,2,1.0,1.0,True
5346,1,Non-White,1,0,0,0,0,1.0,1.0,True
1358,1,Non-White,1,0,0,0,2,1.0,29.0,True
960,1,Non-White,1,0,0,0,5,1.0,1.0,False
4626,0,White,1,0,0,2,14,0.0,1.0,False
3426,1,Non-White,1,0,0,0,7,1.0,1.0,False
1933,1,Non-White,0,0,0,0,9,1.0,16.0,False
3837,1,Non-White,0,0,0,0,0,0.0,1.0,True
3303,1,White,0,0,0,0,1,0.0,0.0,False
822,1,Non-White,1,0,0,0,4,1.0,79.0,True
5170,1,Non-White,0,0,0,0,7,1.0,1.0,True
5181,1,White,1,0,0,0,1,1.0,1.0,False
1195,1,White,0,0,0,0,0,1.0,1.0,True
3873,1,Non-White,0,0,0,0,0,2.0,1.0,True
5488,0,White,0,0,0,0,6,1.0,1.0,False
2804,1,Non-White,1,0,0,0,13,1.0,6.0,True
202,1,Non-White,0,0,0,0,0,1.0,1.0,False
315,1,Non-White,0,0,0,0,0,1.0,1.0,False
2184,0,Non-White,0,0,0,0,13,1.0,1.0,False
2749,0,Non-White,1,1,0,1,9,1.0,116.0,False
5458,1,Non-White,1,0,0,0,0,1.0,4.0,False
933,1,Non-White,0,0,0,0,1,0.0,1.0,False
5141,1,White,1,0,0,0,1,1.0,1.0,False
3191,1,White,0,0,0,0,4,2.0,1.0,False
4202,1,Non-White,0,0,0,0,3,0.0,1.0,True
2626,1,Non-White,1,0,0,0,10,0.0,30.0,False
1506,1,White,1,0,0,0,0,0.0,0.0,True
398,1,Non-White,1,0,0,0,1,1.0,1.0,True
1503,1,Non-White,0,0,0,0,1,1.0,2.0,False
1501,0,Non-White,0,0,0,0,0,1.0,3.0,False
3469,1,White,1,0,0,0,1,8.0,3.0,False
5246,1,Non-White,1,0,0,0,0,1.0,1.0,True
5356,1,White,0,0,0,0,0,1.0,1.0,True
2280,1,White,0,0,0,2,3,0.0,0.0,False
1128,0,Non-White,0,0,0,0,6,1.0,1.0,False
3917,1,Non-White,1,0,0,0,1,1.0,4.0,True
586,1,White,1,0,0,0,2,0.0,2.0,False
3498,1,White,1,0,0,0,2,1.0,9.0,False
500,1,Non-White,0,0,0,0,0,1.0,1.0,True
2975,1,White,1,0,0,0,5,11.0,3.0,False
1056,1,White,1,0,0,0,3,1.0,1.0,False
258,1,Non-White,0,0,0,0,0,1.0,46.0,False
5904,0,White,1,0,0,0,8,28.0,7.0,False
3293,1,Non-White,0,0,0,0,0,0.0,0.0,False
1455,1,Non-White,1,0,0,0,6,0.0,5.0,False
5012,1,Non-White,1,0,0,0,7,1.0,2.0,False
892,1,Non-White,1,0,0,0,4,1.0,3.0,True
2935,1,White,1,0,0,0,2,0.0,1.0,False
1993,0,White,0,0,0,0,1,1.0,1.0,False
937,1,White,1,0,0,0,3,1.0,1.0,False
4017,1,Non-White,0,0,0,0,0,1.0,1.0,True
2034,1,White,1,0,0,0,0,1.0,1.0,True
1476,1,White,0,0,0,0,7,1.0,18.0,False
5927,0,Non-White,0,0,3,0,12,1.0,17.0,True
533,1,White,0,0,0,0,3,1.0,1.0,False
609,1,White,0,0,0,0,0,1.0,1.0,True
2958,1,Non-White,1,0,0,0,4,9.0,8.0,False
983,0,Non-White,1,2,1,0,9,1.0,1.0,True
5819,1,White,0,0,0,0,7,1.0,69.0,True
3544,1,Non-White,0,0,0,0,2,1.0,15.0,True
2829,1,Non-White,0,0,0,0,1,1.0,6.0,False
0,1,Non-White,1,0,0,0,0,1.0,1.0,False
5725,1,Non-White,1,0,0,0,2,1.0,1.0,True
833,1,Non-White,0,0,0,0,4,1.0,1.0,True
6161,1,Non-White,0,0,0,0,0,0.0,173.0,False
2665,1,White,1,0,0,0,0,1.0,24.0,False
1420,1,White,1,0,0,0,1,0.0,0.0,False
3094,0,Non-White,0,0,1,0,2,1.0,35.0,True
1251,1,White,1,0,0,0,0,1.0,109.0,False
5963,1,White,1,0,0,0,3,1.0,1.0,False
1762,1,Non-White,1,0,0,0,0,0.0,0.0,False
5925,1,Non-White,0,0,0,0,4,1.0,2.0,True
547,1,Non-White,1,0,0,0,10,1.0,1.0,False
124,1,Non-White,1,0,0,0,8,1.0,1.0,True
2644,1,Non-White,0,0,0,0,0,1.0,47.0,False
796,1,Non-White,0,0,0,0,0,0.0,1.0,True
19,1,White,0,0,0,0,0,0.0,0.0,True
2873,1,Non-White,1,0,0,0,1,1.0,2.0,True
5559,1,White,0,0,1,0,4,1.0,8.0,True
4429,1,White,1,0,0,0,0,1.0,1.0,False
4172,1,Non-White,1,0,0,0,1,1.0,78.0,False
5178,1,White,0,0,0,0,0,1.0,1.0,True
1550,0,Non-White,0,0,0,0,8,0.0,20.0,False
2393,1,Non-White,0,0,0,0,0,0.0,0.0,False
3236,1,Non-White,1,0,0,0,2,10.0,9.0,False
2173,1,Non-White,1,0,1,3,10,1.0,1.0,False
90,1,White,1,0,0,0,0,1.0,39.0,True
2576,1,Non-White,0,0,0,0,2,0.0,31.0,True
762,0,White,0,0,0,0,0,1.0,28.0,False
4458,1,Non-White,0,0,0,0,0,1.0,2.0,True
3388,1,Non-White,0,0,0,0,0,0.0,1.0,False
4734,1,Non-White,0,0,0,1,0,0.0,0.0,False
3565,1,White,0,0,0,0,2,1.0,1.0,False
3594,1,Non-White,1,0,0,0,0,0.0,0.0,True
3775,1,Non-White,0,0,0,0,2,1.0,1.0,True
542,1,White,1,0,0,0,0,1.0,2.0,True
4869,1,White,0,0,0,0,0,1.0,2.0,True
5245,1,White,1,0,0,0,1,0.0,2.0,False
4455,1,White,0,0,0,0,5,1.0,1.0,True
909,1,White,1,0,0,0,1,1.0,1.0,False
1872,1,Non-White,0,0,0,0,3,1.0,5.0,False
5105,0,Non-White,0,0,0,1,3,26.0,35.0,False
3632,1,Non-White,0,0,0,0,0,1.0,1.0,False
1941,1,White,0,0,0,1,1,1.0,22.0,False
277,1,Non-White,0,0,0,0,1,0.0,0.0,True
1546,1,Non-White,1,0,0,0,2,1.0,1.0,False
2013,1,Non-White,1,0,0,0,0,1.0,1.0,False
1357,1,Non-White,0,0,0,0,3,1.0,178.0,False
601,1,Non-White,0,0,0,0,0,1.0,1.0,False
389,1,White,1,0,0,0,2,3.0,3.0,False
1611,0,Non-White,1,0,0,0,10,0.0,2.0,False
3450,0,White,0,0,0,2,8,1.0,35.0,False
718,1,Non-White,1,0,0,0,3,1.0,1.0,False
4963,1,White,1,0,0,0,1,0.0,9.0,False
1618,1,Non-White,0,0,0,0,1,1.0,1.0,True
2354,1,Non-White,1,0,0,0,0,0.0,0.0,False
624,0,Non-White,1,0,0,0,11,0.0,2.0,False
6102,1,Non-White,1,0,0,0,4,1.0,17.0,False
3021,1,Non-White,1,0,0,0,2,1.0,2.0,True
3879,1,Non-White,1,0,0,0,0,1.0,1.0,False
4753,1,White,1,0,0,0,2,1.0,8.0,False
5347,0,Non-White,0,0,0,0,5,0.0,0.0,False
2938,1,White,1,0,0,0,0,1.0,1.0,False
848,1,Non-White,1,0,0,0,5,1.0,1.0,False
3802,0,Non-White,1,0,1,1,21,1.0,22.0,True
5706,1,Non-White,1,0,0,0,0,1.0,87.0,False
390,1,Non-White,1,0,0,0,0,0.0,1.0,False
4755,1,White,1,0,0,0,1,3.0,1.0,False
2397,1,White,1,0,0,0,1,21.0,21.0,False
6045,1,White,1,0,0,0,0,1.0,1.0,False
841,1,Non-White,1,0,0,0,2,1.0,47.0,False
4349,1,Non-White,0,0,0,0,0,0.0,0.0,False
6115,1,Non-White,1,0,0,1,12,0.0,1.0,True
1178,1,Non-White,0,0,0,0,5,1.0,2.0,False
1939,1,White,1,0,0,0,1,1.0,1.0,True
490,1,White,1,0,0,0,2,0.0,0.0,True
200,0,Non-White,0,0,0,2,11,1.0,1.0,True
2871,0,Non-White,1,0,2,1,25,0.0,1.0,True
5036,1,Non-White,1,0,0,0,1,2.0,1.0,True
5553,0,Non-White,0,0,0,1,5,1.0,5.0,False
816,1,White,0,0,0,0,0,4.0,1.0,True
2677,1,Non-White,1,0,1,0,5,1.0,1.0,False
5497,1,Non-White,1,0,0,0,2,1.0,1.0,True
657,1,Non-White,1,0,0,0,8,29.0,1.0,False
5949,0,White,0,0,0,0,0,1.0,1.0,True
267,1,White,1,0,0,0,0,0.0,1.0,True
5208,1,Non-White,0,0,0,1,0,1.0,1.0,True
1020,1,White,1,0,0,0,0,0.0,158.0,False
712,1,Non-White,1,0,0,0,4,1.0,28.0,True
1566,0,Non-White,0,4,1,0,11,0.0,117.0,False
6100,1,Non-White,1,0,0,0,1,1.0,3.0,False
2226,1,Non-White,1,0,0,0,4,0.0,1.0,True
73,0,Non-White,0,1,6,1,14,1.0,7.0,False
2480,1,White,0,0,0,0,2,22.0,1.0,True
5051,1,White,1,0,0,0,0,2.0,1.0,False
1728,1,White,0,0,0,0,1,1.0,1.0,False
845,1,Non-White,1,0,0,0,20,0.0,2.0,False
2149,1,Non-White,1,0,0,0,3,1.0,2.0,True
2285,1,Non-White,1,0,0,0,6,1.0,1.0,False
4975,1,Non-White,1,0,0,0,3,1.0,1.0,False
3855,0,Non-White,0,0,0,1,17,1.0,1.0,False
3499,0,Non-White,0,0,0,0,1,1.0,1.0,False
1642,1,Non-White,1,0,0,0,2,0.0,1.0,False
4565,1,White,0,0,0,0,0,0.0,0.0,False
536,1,White,0,0,2,0,3,1.0,9.0,False
531,1,Non-White,1,0,0,0,0,0.0,0.0,True
1081,1,Non-White,0,0,0,0,1,1.0,2.0,False
5731,1,Non-White,0,0,0,1,10,8.0,7.0,False
1052,1,White,0,0,0,0,3,1.0,1.0,True
3098,1,Non-White,0,0,0,0,2,1.0,1.0,False
3439,1,Non-White,0,0,0,0,0,1.0,2.0,True
4231,1,White,1,0,0,0,1,4.0,1.0,False
1409,1,White,0,0,0,0,0,0.0,0.0,False
1764,1,White,1,0,0,0,0,0.0,18.0,True
990,1,Non-White,0,0,0,0,0,1.0,2.0,False
1591,1,White,1,0,0,0,1,27.0,1.0,False
5733,1,Non-White,0,0,0,0,0,3.0,1.0,True
1750,1,Non-White,0,0,0,0,0,1.0,1.0,False
4048,1,Non-White,1,0,0,0,3,1.0,1.0,True
4879,1,White,0,0,0,0,2,22.0,0.0,False
997,1,Non-White,0,0,0,0,1,1.0,58.0,True
5329,1,Non-White,0,0,1,0,2,1.0,3.0,False
1654,1,White,0,0,0,0,0,1.0,1.0,False
4704,1,Non-White,0,0,0,0,0,1.0,1.0,True
3245,1,White,1,0,0,0,6,0.0,2.0,False
4526,1,White,1,0,0,0,1,2.0,1.0,False
4583,1,Non-White,1,0,0,0,2,1.0,1.0,True
2598,0,Non-White,0,0,0,0,1,1.0,1.0,False
5683,1,White,1,0,0,0,0,1.0,1.0,False
5828,1,Non-White,1,0,0,0,2,0.0,0.0,False
634,1,Non-White,1,0,0,0,8,1.0,25.0,False
70,1,Non-White,1,0,0,0,1,1.0,2.0,True
2718,1,Non-White,1,0,0,0,3,1.0,30.0,False
2726,1,Non-White,1,0,0,0,0,4.0,4.0,False
4569,1,Non-White,1,0,0,0,1,1.0,32.0,False
5295,1,Non-White,0,0,0,0,2,1.0,32.0,False
666,1,White,1,0,0,0,0,1.0,11.0,False
1314,1,Non-White,0,0,0,0,0,1.0,1.0,True
5302,0,Non-White,1,0,0,0,5,1.0,1.0,True
1544,1,Non-White,0,0,0,0,0,1.0,1.0,False
724,0,Non-White,0,0,1,1,1,1.0,3.0,False
782,1,Non-White,0,0,0,0,4,1.0,1.0,True
1132,1,Non-White,1,0,0,0,0,1.0,1.0,False
1710,1,Non-White,1,0,0,0,5,13.0,12.0,False
4124,1,White,1,0,0,0,4,1.0,4.0,True
1960,1,Non-White,1,0,0,0,1,1.0,1.0,False
3708,1,Non-White,0,0,0,0,0,0.0,0.0,False
5787,1,Non-White,1,0,0,0,0,0.0,0.0,True
5494,1,Non-White,1,0,0,0,2,1.0,2.0,True
1595,0,Non-White,1,0,0,0,19,1.0,1.0,False
507,0,Non-White,1,0,0,0,3,20.0,20.0,True
4309,1,Non-White,1,0,0,0,1,1.0,1.0,False
4410,1,White,1,0,0,0,0,0.0,1.0,True
392,0,Non-White,1,0,0,0,28,1.0,6.0,False
2741,0,Non-White,1,0,0,0,14,1.0,1.0,False
2223,1,White,1,0,0,0,0,1.0,1.0,True
926,1,Non-White,1,0,0,0,0,0.0,0.0,False
2899,1,Non-White,1,0,0,0,5,0.0,1.0,False
5388,1,Non-White,0,5,0,2,4,7.0,24.0,False
4347,1,White,0,0,0,0,2,1.0,1.0,True
4723,1,Non-White,1,0,0,0,2,1.0,1.0,False
4556,1,White,0,0,0,0,0,0.0,1.0,True
1727,1,Non-White,0,0,0,0,1,0.0,2.0,False
5562,1,Non-White,1,0,0,0,0,1.0,1.0,True
5967,0,Non-White,0,0,0,0,0,1.0,4.0,True
216,1,Non-White,0,0,0,1,1,1.0,1.0,False
2982,0,White,1,0,0,0,2,1.0,33.0,False
370,1,Non-White,0,0,0,0,2,1.0,1.0,False
3752,1,Non-White,1,0,1,0,5,10.0,9.0,False
1590,1,White,1,0,0,0,10,1.0,73.0,False
6004,1,Non-White,1,0,1,0,23,1.0,102.0,False
5411,1,White,1,0,0,0,2,28.0,9.0,False
1558,1,Non-White,0,0,0,0,1,0.0,0.0,True
4766,1,White,1,0,1,0,15,1.0,1.0,False
544,0,Non-White,0,0,0,0,0,1.0,1.0,False
1466,1,Non-White,0,0,0,0,2,1.0,1.0,False
5321,0,Non-White,1,0,0,0,16,1.0,2.0,False
3589,0,Non-White,0,0,1,0,2,1.0,3.0,False
4493,1,Non-White,1,0,0,0,2,17.0,4.0,True
3117,1,Non-White,0,0,0,0,9,1.0,15.0,False
4698,1,Non-White,0,0,0,0,0,1.0,1.0,False
769,1,Non-White,1,0,0,0,0,1.0,3.0,True
2483,1,White,0,0,0,0,0,1.0,1.0,False
5894,1,White,1,0,0,0,0,3.0,2.0,False
3318,1,White,1,0,0,0,0,2.0,2.0,False
6069,1,Non-White,0,0,0,0,3,1.0,1.0,False
2458,0,Non-White,0,0,0,0,0,0.0,7.0,False
5806,1,Non-White,0,0,0,0,1,0.0,2.0,False
1953,1,Non-White,1,0,0,0,0,1.0,1.0,True
1003,1,Non-White,1,0,0,0,3,1.0,1.0,False
2471,1,Non-White,0,0,0,0,2,1.0,1.0,True
681,1,White,0,0,0,0,2,0.0,0.0,False
4069,1,White,1,0,0,0,0,5.0,1.0,True
4058,1,Non-White,0,0,0,0,2,0.0,3.0,False
1770,0,Non-White,0,0,0,0,0,1.0,7.0,True
2971,1,Non-White,1,1,0,0,8,1.0,2.0,True
907,1,Non-White,0,0,0,0,2,1.0,21.0,False
3604,1,Non-White,0,0,0,0,0,1.0,3.0,False
3714,1,White,0,0,0,1,0,1.0,1.0,True
3014,1,Non-White,0,0,1,0,9,17.0,13.0,False
3537,0,White,0,0,0,0,3,1.0,26.0,True
1835,1,Non-White,0,0,0,0,0,0.0,11.0,True
4684,1,Non-White,0,0,0,0,1,1.0,68.0,False
3419,1,Non-White,1,0,0,0,0,0.0,0.0,True
3777,1,Non-White,1,0,0,0,1,1.0,6.0,False
4729,1,Non-White,0,0,0,0,0,2.0,1.0,False
1312,1,White,1,0,0,0,1,16.0,13.0,False
4223,1,Non-White,0,0,0,0,1,1.0,22.0,False
2250,0,Non-White,1,1,0,0,11,1.0,1.0,False
4088,0,Non-White,0,1,2,0,9,1.0,2.0,False
4342,1,Non-White,0,0,0,0,0,1.0,6.0,False
1325,1,Non-White,0,0,0,0,0,1.0,1.0,False
2981,0,White,0,0,0,0,0,1.0,7.0,False
4283,1,White,1,0,0,0,0,4.0,1.0,True
260,1,White,1,0,0,0,0,1.0,1.0,True
5961,1,White,1,0,0,0,2,14.0,14.0,False
1120,1,Non-White,1,0,0,0,4,1.0,1.0,False
1999,1,Non-White,1,0,0,0,4,0.0,0.0,False
1310,1,White,1,0,0,0,2,1.0,12.0,True
6019,1,Non-White,0,0,0,0,2,4.0,1.0,False
4251,1,Non-White,1,0,0,0,0,0.0,1.0,False
274,1,Non-White,0,0,1,0,3,22.0,22.0,False
1068,1,Non-White,0,0,0,0,0,1.0,3.0,True
3659,1,White,0,1,0,0,1,1.0,1.0,False
1364,1,Non-White,1,0,0,0,1,15.0,15.0,False
604,1,Non-White,0,0,0,0,1,1.0,1.0,False
5542,1,White,0,0,0,3,1,1.0,1.0,False
4712,1,Non-White,1,0,0,0,6,1.0,3.0,False
6156,1,Non-White,0,0,0,0,1,1.0,1.0,False
5777,1,Non-White,0,0,0,0,1,0.0,0.0,True
5235,0,Non-White,0,1,0,0,1,1.0,187.0,False
358,1,White,1,0,0,0,0,0.0,0.0,False
12,1,Non-White,1,0,0,0,7,22.0,3.0,False
910,0,Non-White,0,0,0,0,8,1.0,2.0,False
2786,1,Non-White,0,0,0,0,0,1.0,1.0,True
3700,0,Non-White,0,0,0,0,0,6.0,1.0,False
2075,1,White,0,0,0,0,0,1.0,1.0,False
5145,0,White,0,0,0,0,0,0.0,2.0,False
4748,1,White,1,0,0,0,3,0.0,0.0,True
1947,1,Non-White,0,0,0,0,2,14.0,1.0,True
1918,0,Non-White,0,1,0,0,6,1.0,219.0,False
2240,1,Non-White,1,0,0,0,0,0.0,7.0,False
5622,1,Non-White,0,0,0,0,9,1.0,2.0,True
921,1,Non-White,1,0,0,0,1,0.0,19.0,False
1293,1,Non-White,0,0,0,0,0,0.0,0.0,True
1432,0,Non-White,0,0,0,1,2,1.0,1.0,True
4854,1,Non-White,1,0,0,0,0,1.0,1.0,True
4162,1,Non-White,0,0,0,0,1,0.0,2.0,False
3766,1,Non-White,1,0,0,0,2,0.0,9.0,False
4484,1,White,1,1,6,0,13,1.0,1.0,False
379,1,White,1,0,0,0,0,1.0,4.0,True
5370,1,White,0,0,0,0,0,0.0,0.0,True
439,1,White,0,0,0,0,0,0.0,1.0,False
3065,0,Non-White,0,0,0,1,0,1.0,5.0,False
281,1,Non-White,0,0,0,0,0,1.0,1.0,False
4555,1,White,1,0,0,0,1,26.0,0.0,True
3357,0,Non-White,0,0,0,0,0,1.0,2.0,False
3435,1,Non-White,0,0,0,0,0,1.0,1.0,False
1626,1,Non-White,0,0,0,0,3,0.0,2.0,False
1507,1,Non-White,1,0,0,1,3,1.0,34.0,False
1404,1,Non-White,0,0,0,0,1,1.0,1.0,False
147,1,Non-White,1,0,0,0,8,0.0,16.0,False
1511,1,Non-White,1,0,0,0,3,1.0,83.0,False
5614,1,Non-White,0,0,1,0,3,1.0,6.0,False
5304,0,Non-White,1,0,2,0,17,1.0,15.0,False
3497,1,White,1,0,0,0,3,1.0,1.0,False
2710,1,White,0,0,0,0,1,8.0,3.0,True
4906,1,Non-White,0,0,0,0,8,23.0,3.0,False
1079,1,Non-White,0,0,0,0,1,24.0,1.0,False
2527,1,Non-White,0,0,0,0,0,7.0,6.0,False
2371,1,Non-White,1,0,0,0,0,1.0,3.0,True
4361,1,White,0,0,0,0,2,0.0,0.0,True
284,1,White,0,0,0,0,0,0.0,4.0,True
5157,0,Non-White,1,0,0,0,2,1.0,33.0,False
4537,0,White,1,0,0,0,6,0.0,0.0,False
562,1,White,1,0,0,0,1,10.0,1.0,True
1042,1,Non-White,1,0,0,0,6,1.0,1.0,True
806,1,White,0,0,0,0,0,1.0,1.0,False
2819,1,Non-White,0,0,0,0,1,1.0,1.0,False
670,0,Non-White,0,0,1,0,1,1.0,4.0,False
3160,1,White,0,0,0,0,0,1.0,1.0,True
4532,1,White,0,0,0,0,4,1.0,1.0,False
1796,0,White,1,0,0,0,9,1.0,55.0,False
2284,1,Non-White,1,0,0,0,13,1.0,3.0,False
2382,1,Non-White,1,0,0,0,0,1.0,1.0,True
1988,1,White,1,0,0,0,3,1.0,1.0,False
1500,1,White,1,0,0,0,0,1.0,0.0,True
4448,1,Non-White,0,0,0,0,0,0.0,1.0,False
3275,1,White,1,0,0,0,16,1.0,1.0,False
3952,1,Non-White,0,0,0,0,0,1.0,1.0,True
1840,1,White,0,0,0,0,2,25.0,12.0,False
1309,1,White,1,0,0,0,6,0.0,0.0,False
1472,1,Non-White,1,0,0,0,0,0.0,1.0,False
4598,1,White,0,0,0,0,0,0.0,1.0,True
5375,1,Non-White,0,0,0,0,5,1.0,324.0,True
5286,1,Non-White,1,0,0,0,1,1.0,1.0,True
4876,1,Non-White,0,0,0,0,2,1.0,4.0,False
325,0,White,1,1,0,0,23,1.0,361.0,False
1648,1,Non-White,0,0,0,0,1,2.0,2.0,False
3432,0,Non-White,1,0,0,0,0,1.0,2.0,False
5098,1,White,0,0,0,0,2,1.0,1.0,False
4240,1,Non-White,1,0,0,0,0,1.0,13.0,False
1429,0,White,0,0,0,0,2,1.0,43.0,False
3244,1,Non-White,1,0,0,0,10,0.0,149.0,False
266,1,White,1,0,0,0,0,0.0,1.0,True
3333,1,Non-White,1,0,0,0,0,7.0,6.0,True
4431,1,Non-White,1,0,0,0,8,1.0,3.0,True
3337,1,White,0,0,0,0,1,1.0,1.0,False
1538,1,Non-White,1,0,0,0,7,1.0,1.0,True
65,1,Non-White,1,0,0,0,2,15.0,3.0,False
790,1,Non-White,0,0,0,0,10,1.0,1.0,True
1619,1,Non-White,1,0,0,0,1,1.0,61.0,False
179,0,Non-White,0,0,0,0,1,1.0,39.0,False
4230,1,White,1,0,0,0,1,4.0,0.0,False
4470,1,White,1,0,0,0,1,2.0,1.0,True
5413,1,Non-White,0,0,0,0,0,0.0,0.0,True
4792,1,White,1,0,0,0,7,8.0,8.0,True
4514,0,Non-White,1,0,1,0,5,1.0,1.0,True
2432,1,White,1,0,0,0,0,1.0,1.0,True
3339,1,White,1,0,0,0,9,1.0,59.0,False
2468,0,Non-White,0,0,0,0,0,1.0,1.0,False
3628,1,Non-White,1,0,0,0,0,1.0,7.0,False
3885,1,White,0,0,0,0,3,1.0,142.0,False
4209,0,White,0,0,0,0,0,0.0,2.0,False
2993,1,Non-White,1,0,0,0,0,6.0,0.0,True
117,1,White,1,0,0,0,2,16.0,15.0,True
4683,1,Non-White,0,0,0,0,0,0.0,1.0,False
2128,1,Non-White,0,0,0,0,8,1.0,49.0,False
178,1,Non-White,1,0,0,0,2,1.0,1.0,False
6158,0,White,0,0,0,0,0,1.0,3.0,False
1647,1,White,0,0,0,0,0,0.0,1.0,False
2560,1,Non-White,1,0,0,0,3,1.0,2.0,True
554,0,Non-White,1,0,0,0,23,0.0,55.0,False
3936,1,Non-White,1,0,0,0,7,1.0,29.0,False
571,1,Non-White,1,0,0,0,0,1.0,1.0,True
2317,0,Non-White,1,0,1,0,14,1.0,1.0,True
3734,1,Non-White,1,0,0,0,1,1.0,1.0,False
1428,0,White,0,0,0,0,0,2.0,1.0,False
4466,1,White,1,0,0,0,0,0.0,1.0,True
1108,1,White,0,0,0,0,0,1.0,0.0,True
3010,1,White,1,0,0,0,3,1.0,191.0,False
2797,1,Non-White,1,0,0,0,0,1.0,1.0,False
5565,1,Non-White,0,0,1,0,4,1.0,2.0,False
4481,0,White,0,8,2,0,11,1.0,4.0,False
4119,1,Non-White,0,0,0,0,2,1.0,1.0,False
9,1,White,1,0,0,0,0,0.0,1.0,True
641,0,Non-White,1,0,0,0,19,1.0,31.0,False
2942,1,White,1,0,0,0,3,1.0,2.0,False
3866,1,White,1,0,0,0,0,0.0,0.0,True
3601,1,Non-White,0,0,0,0,1,1.0,2.0,True
5981,1,Non-White,1,0,0,0,13,1.0,2.0,False
4032,1,Non-White,1,0,0,0,0,1.0,6.0,False
784,1,Non-White,1,0,0,0,3,1.0,1.0,False
4282,1,Non-White,1,0,0,0,0,0.0,0.0,False
2420,1,White,1,0,0,0,0,1.0,1.0,False
2234,1,Non-White,1,0,0,0,0,3.0,1.0,True
834,1,Non-White,0,0,0,0,3,1.0,26.0,False
5277,0,White,0,0,0,0,4,2.0,1.0,False
2722,1,Non-White,0,0,0,0,1,1.0,1.0,True
2640,1,Non-White,1,0,0,0,1,1.0,1.0,True
4825,1,Non-White,0,0,0,0,0,0.0,0.0,True
2055,1,Non-White,1,0,0,0,1,22.0,1.0,False
5255,1,White,1,0,0,0,1,1.0,36.0,False
5214,1,White,0,0,0,0,0,1.0,1.0,True
5818,1,Non-White,0,0,1,0,3,1.0,2.0,True
5180,1,White,0,0,0,0,3,1.0,1.0,False
349,1,Non-White,1,0,0,0,7,0.0,1.0,True
3971,1,Non-White,1,0,0,0,2,1.0,1.0,False
717,1,Non-White,1,0,0,0,6,1.0,20.0,False
5665,0,Non-White,0,0,0,0,7,0.0,0.0,False
2343,0,Non-White,0,0,1,1,3,0.0,0.0,True
4998,1,Non-White,0,0,0,0,5,2.0,2.0,False
1001,1,Non-White,1,0,0,0,6,1.0,4.0,False
4666,0,Non-White,0,0,8,2,12,1.0,76.0,False
2010,1,Non-White,0,0,0,0,10,15.0,4.0,True
5736,1,Non-White,0,0,0,0,0,1.0,1.0,True
4234,1,White,1,0,0,0,5,1.0,4.0,True
148,0,Non-White,1,0,0,0,8,29.0,117.0,False
1594,0,Non-White,0,0,0,0,0,0.0,2.0,False
1169,1,Non-White,1,0,0,0,2,1.0,15.0,False
1367,1,Non-White,1,0,0,0,0,1.0,1.0,False
2204,1,Non-White,1,0,0,0,1,8.0,8.0,False
2137,1,Non-White,0,0,0,0,2,23.0,18.0,False
1469,0,Non-White,0,0,0,1,7,1.0,3.0,True
2869,0,Non-White,0,0,0,0,1,0.0,57.0,False
58,1,Non-White,1,0,0,0,0,1.0,1.0,True
4293,1,Non-White,1,0,0,0,3,1.0,1.0,False
1434,0,Non-White,1,0,0,0,14,23.0,142.0,False
4847,1,Non-White,1,0,0,0,0,1.0,1.0,False
2335,0,Non-White,1,0,0,0,20,1.0,2.0,False
5151,1,Non-White,0,0,0,0,11,0.0,6.0,False
239,1,White,1,0,0,0,3,4.0,3.0,False
4189,1,White,1,0,0,0,3,2.0,3.0,True
5543,1,White,1,0,0,0,0,0.0,0.0,True
860,1,Non-White,1,0,0,0,1,0.0,2.0,False
2187,1,Non-White,0,0,0,0,5,1.0,1.0,True
3018,1,Non-White,1,0,0,0,5,1.0,1.0,True
1212,1,White,1,0,0,0,1,1.0,65.0,False
1920,1,White,1,0,0,0,0,1.0,1.0,True
6012,1,Non-White,1,0,0,0,2,1.0,1.0,True
2709,1,Non-White,0,0,0,0,14,27.0,23.0,False
590,1,Non-White,1,0,0,0,1,1.0,1.0,False
5045,1,Non-White,0,0,0,2,1,1.0,2.0,False
1243,1,White,0,0,0,0,7,18.0,18.0,True
1839,1,Non-White,0,0,0,0,0,1.0,1.0,True
480,1,White,1,0,0,0,5,0.0,0.0,False
3891,1,Non-White,0,0,0,0,4,1.0,2.0,False
4436,1,Non-White,1,0,0,0,2,1.0,1.0,False
5516,1,White,0,0,0,0,1,0.0,3.0,True
2130,1,Non-White,1,0,0,0,0,1.0,1.0,True
898,1,Non-White,1,0,0,0,2,2.0,1.0,False
929,0,White,0,0,0,0,2,0.0,12.0,True
1756,1,Non-White,1,0,1,0,4,30.0,0.0,False
4745,1,Non-White,0,0,0,0,3,6.0,2.0,True
5115,1,Non-White,0,1,0,0,1,20.0,3.0,False
5784,1,Non-White,0,0,0,0,0,0.0,1.0,False
4200,0,White,0,0,0,0,0,1.0,16.0,False
2821,1,White,0,0,0,0,2,1.0,10.0,False
4914,1,Non-White,1,0,0,0,0,1.0,7.0,False
5112,1,White,1,0,0,0,7,1.0,186.0,False
3002,0,Non-White,0,0,0,0,1,1.0,434.0,False
3209,1,Non-White,1,0,0,0,0,1.0,1.0,False
1980,1,White,0,0,0,1,0,1.0,8.0,False
854,1,Non-White,0,0,0,0,1,0.0,2.0,True
2181,0,Non-White,0,0,0,0,11,1.0,3.0,False
4644,1,Non-White,1,0,0,0,1,10.0,2.0,False
1597,1,Non-White,0,0,0,0,6,1.0,2.0,False
5119,1,Non-White,0,0,0,0,2,1.0,33.0,False
4080,1,White,1,0,0,0,2,0.0,16.0,False
5931,1,White,1,0,0,0,0,5.0,1.0,False
5668,1,White,1,0,0,0,5,1.0,1.0,True
4535,1,Non-White,0,0,0,0,4,1.0,1.0,True
136,1,White,1,1,0,0,1,1.0,4.0,True
780,1,Non-White,0,0,0,0,0,0.0,1.0,True
2090,0,White,0,0,0,0,14,1.0,1.0,False
2849,1,Non-White,1,0,0,0,3,1.0,16.0,False
3277,1,Non-White,0,0,0,0,0,1.0,1.0,False
5399,1,Non-White,1,0,0,0,2,1.0,51.0,False
6002,0,Non-White,1,0,0,0,28,0.0,2.0,False
2353,0,Non-White,1,0,0,0,10,1.0,33.0,False
5128,1,White,0,0,0,0,0,1.0,2.0,False
2401,0,Non-White,0,0,0,0,1,1.0,13.0,False
3023,1,Non-White,0,0,0,0,0,1.0,2.0,False
486,1,Non-White,1,0,0,0,15,0.0,0.0,False
4672,0,Non-White,1,0,0,0,15,1.0,1.0,True
2633,1,White,0,0,0,0,9,19.0,5.0,False
557,0,Non-White,1,0,0,1,1,1.0,80.0,True
2322,1,Non-White,0,0,0,0,0,1.0,1.0,False
4604,0,White,0,0,0,0,3,0.0,0.0,True
5247,1,White,0,0,0,0,1,3.0,1.0,False
5077,1,White,1,0,0,0,0,1.0,79.0,False
4710,1,White,0,0,0,0,3,0.0,0.0,False
3161,0,Non-White,1,0,0,0,7,0.0,37.0,False
79,1,Non-White,0,0,0,0,1,0.0,4.0,False
3907,1,Non-White,1,0,0,1,10,1.0,182.0,False
288,1,Non-White,1,0,0,0,3,0.0,0.0,False
269,0,Non-White,0,0,0,0,0,1.0,210.0,False
1838,1,Non-White,0,0,0,0,3,1.0,1.0,False
2242,1,White,0,0,0,0,0,1.0,1.0,True
3324,1,Non-White,0,0,0,0,0,0.0,0.0,True
650,1,Non-White,0,0,0,0,6,1.0,6.0,False
3456,1,White,0,0,0,0,5,12.0,2.0,True
5943,1,Non-White,0,0,0,0,1,1.0,3.0,False
4506,1,Non-White,1,0,0,0,7,2.0,2.0,True
943,1,White,1,0,0,0,1,2.0,2.0,True
49,1,Non-White,1,0,0,0,4,1.0,1.0,True
726,0,Non-White,0,0,1,0,4,1.0,1.0,True
4848,1,Non-White,1,0,0,0,0,0.0,1.0,False
4284,1,Non-White,1,0,0,0,0,1.0,1.0,True
3629,1,Non-White,1,0,0,0,0,1.0,1.0,True
5206,1,White,1,0,0,0,0,1.0,1.0,True
4601,1,White,1,0,0,0,4,1.0,1.0,False
2043,1,Non-White,0,0,0,0,0,1.0,1.0,True
3693,1,Non-White,0,0,0,0,0,1.0,3.0,True
4073,1,White,1,0,0,0,4,1.0,11.0,True
2438,1,Non-White,0,0,1,2,1,0.0,0.0,True
556,1,Non-White,0,0,1,0,3,1.0,1.0,False
4501,1,Non-White,0,0,0,0,6,22.0,22.0,False
5088,0,Non-White,0,0,0,0,7,0.0,0.0,False
3603,1,White,1,0,0,0,0,1.0,1.0,True
5865,1,Non-White,1,0,0,0,0,1.0,1.0,True
754,1,Non-White,0,0,0,0,3,1.0,98.0,False
3551,1,White,1,0,0,0,8,0.0,31.0,False
1722,1,Non-White,1,0,0,0,7,1.0,1.0,True
3168,1,Non-White,1,0,0,0,5,1.0,2.0,True
5996,1,Non-White,0,0,0,0,0,1.0,2.0,False
5058,1,White,1,0,0,0,1,1.0,1.0,False
366,0,White,0,0,0,1,1,1.0,32.0,False
1288,1,Non-White,1,0,0,0,7,1.0,2.0,True
644,0,White,0,0,0,0,1,1.0,17.0,False
789,1,Non-White,1,0,0,0,0,0.0,1.0,True
2159,1,Non-White,1,0,0,0,0,0.0,0.0,False
3991,1,Non-White,1,0,0,0,7,1.0,7.0,False
3756,1,White,1,0,0,0,4,1.0,2.0,True
2794,1,White,0,0,0,0,0,0.0,1.0,True
2660,0,Non-White,0,0,0,0,0,1.0,1.0,False
804,1,Non-White,0,1,1,0,6,1.0,2.0,False
1479,1,Non-White,1,0,0,0,0,0.0,0.0,True
2833,1,Non-White,1,0,0,0,0,1.0,1.0,True
4286,1,Non-White,1,0,0,0,2,0.0,1.0,True
1303,0,Non-White,1,0,0,0,3,6.0,36.0,False
2641,1,Non-White,1,0,0,0,0,1.0,1.0,False
5080,1,Non-White,1,0,0,0,0,1.0,1.0,True
4551,1,Non-White,1,0,0,0,5,1.0,3.0,True
5284,0,Non-White,1,0,0,0,7,0.0,39.0,False
5762,1,Non-White,1,0,0,0,1,1.0,2.0,True
4427,1,Non-White,0,0,0,0,0,1.0,1.0,True
1362,1,White,1,0,0,0,0,1.0,1.0,True
2781,1,Non-White,1,0,0,0,3,1.0,14.0,False
3712,1,Non-White,1,0,0,0,0,1.0,2.0,False
566,0,Non-White,0,0,0,0,4,1.0,1.0,True
4621,1,Non-White,0,0,0,0,3,1.0,38.0,True
37,1,White,0,0,0,0,2,1.0,1.0,True
2221,1,White,0,0,0,0,1,1.0,1.0,True
3122,0,Non-White,0,0,0,0,4,0.0,1.0,False
6118,1,White,1,0,0,0,4,26.0,1.0,True
2542,1,Non-White,1,0,0,0,0,1.0,1.0,False
5610,0,Non-White,0,0,0,0,0,1.0,2.0,False
2962,1,White,0,0,0,0,2,1.0,2.0,True
4031,1,Non-White,0,0,0,0,1,1.0,157.0,False
4824,1,Non-White,0,0,2,2,4,1.0,1.0,False
5595,1,White,1,0,0,0,1,21.0,1.0,True
4941,1,Non-White,1,0,0,0,0,1.0,1.0,False
3493,1,White,1,0,2,0,2,22.0,22.0,True
3375,0,Non-White,0,0,0,0,0,1.0,3.0,True
1478,1,White,0,0,0,3,0,2.0,1.0,True
1416,0,Non-White,1,0,0,0,27,9.0,9.0,True
4800,0,Non-White,0,0,1,0,1,1.0,1.0,False
157,1,Non-White,0,0,0,0,0,1.0,1.0,True
3491,1,Non-White,1,0,0,0,3,1.0,3.0,False
4439,0,Non-White,1,0,0,0,0,1.0,7.0,True
5649,1,White,1,0,0,0,3,0.0,11.0,False
4489,1,Non-White,1,2,0,0,6,1.0,2.0,False
3912,1,White,0,0,0,0,1,0.0,1.0,True
3181,1,Non-White,1,0,0,0,1,1.0,126.0,True
1748,0,White,1,0,0,0,2,1.0,4.0,True
630,0,Non-White,0,0,0,0,0,1.0,1.0,False
6144,1,White,1,0,0,0,4,10.0,2.0,True
2896,1,White,1,0,0,0,1,1.0,39.0,False
5718,1,Non-White,1,0,0,0,0,1.0,1.0,True
4857,1,Non-White,0,0,0,0,1,0.0,1.0,False
5694,0,Non-White,1,0,0,0,0,0.0,0.0,False
3452,1,Non-White,1,0,0,0,1,4.0,3.0,False
5403,1,White,1,0,0,0,0,1.0,1.0,True
1543,0,White,1,0,0,0,0,1.0,5.0,True
3653,1,Non-White,0,0,0,0,0,1.0,1.0,True
5605,1,Non-White,0,0,0,0,5,1.0,1.0,True
1708,1,Non-White,1,0,0,0,0,1.0,1.0,True
1296,1,Non-White,1,0,0,0,1,30.0,107.0,False
884,1,White,1,0,0,0,0,0.0,1.0,True
2237,1,Non-White,1,0,0,0,2,0.0,1.0,False
4799,1,Non-White,0,0,0,0,5,0.0,0.0,False
4687,1,White,0,0,0,0,10,1.0,1.0,False
4052,1,Non-White,1,0,0,0,6,1.0,1.0,True
6046,1,White,1,0,0,0,2,1.0,82.0,True
3299,1,Non-White,1,0,0,0,2,1.0,1.0,False
4613,1,Non-White,1,1,0,0,16,1.0,1.0,False
4294,1,White,1,0,0,0,1,1.0,58.0,False
125,1,Non-White,1,0,0,0,0,1.0,2.0,False
5674,1,Non-White,0,0,0,0,6,1.0,40.0,True
4890,0,Non-White,0,0,0,0,4,0.0,2.0,False
3748,1,White,1,0,0,0,1,2.0,1.0,True
3758,1,Non-White,0,0,0,0,4,10.0,7.0,False
2723,0,Non-White,1,0,0,0,0,1.0,142.0,False
2679,0,Non-White,1,0,0,0,23,1.0,30.0,False
2595,1,White,1,0,0,0,1,0.0,2.0,False
1574,1,White,1,0,0,0,5,1.0,1.0,True
5362,1,Non-White,0,0,0,0,1,18.0,17.0,False
5744,1,Non-White,0,0,0,0,0,1.0,1.0,True
371,0,Non-White,0,1,0,1,1,1.0,1.0,False
5875,1,Non-White,0,0,0,0,0,1.0,3.0,True
5767,1,Non-White,0,0,0,0,0,1.0,2.0,False
4955,1,Non-White,0,0,0,0,0,1.0,1.0,True
5032,1,Non-White,1,0,0,0,2,1.0,47.0,False
